row_index,validation_fold
0,4
1,3
2,1
3,3
4,2
5,4
6,5
7,3
8,1
9,4
10,4
11,2
12,4
13,4
14,4
15,2
16,5
17,4
18,2
19,2
20,2
21,5
22,2
23,2
24,4
25,1
26,1
27,2
28,4
29,4
30,3
31,2
32,1
33,2
34,1
35,3
36,4
37,3
38,3
39,3
40,1
41,3
42,4
43,4
44,2
45,2
46,1
47,2
48,5
49,3
50,5
51,2
52,2
53,3
54,5
55,1
56,4
57,3
58,5
59,4
60,3
61,1
62,3
63,1
64,5
65,3
66,4
67,3
68,2
69,4
70,5
71,2
72,1
73,1
74,4
75,5
76,5
77,2
78,4
79,2
80,4
81,2
82,5
83,4
84,5
85,5
86,5
87,2
88,4
89,2
90,1
91,3
92,2
93,4
94,5
95,2
96,2
97,5
98,2
99,4
100,3
101,5
102,2
103,5
104,1
105,4
106,2
107,4
108,5
109,3
110,4
111,4
112,3
113,3
114,2
115,1
116,3
117,1
118,3
119,1
120,4
121,1
122,5
123,2
124,1
125,3
126,3
127,3
128,5
129,2
130,5
131,3
132,4
133,3
134,5
135,3
136,5
137,4
138,1
139,5
140,4
141,3
142,5
143,2
144,3
145,3
146,4
147,5
148,1
149,5
150,3
151,3
152,2
153,4
154,3
155,5
156,3
157,4
158,1
159,1
160,4
161,4
162,4
163,5
164,5
165,5
166,1
167,5
168,2
169,4
170,3
171,3
172,4
173,5
174,2
175,5
176,3
177,4
178,3
179,4
180,5
181,4
182,4
183,5
184,5
185,4
186,2
187,2
188,2
189,1
190,4
191,2
192,4
193,4
194,4
195,3
196,2
197,4
198,3
199,1
200,4
201,5
202,5
203,1
204,5
205,2
206,2
207,2
208,4
209,2
210,3
211,4
213,5
214,1
215,1
216,1
217,3
218,4
219,3
220,5
221,4
222,2
223,5
224,4
225,3
226,3
227,2
228,5
229,5
230,4
231,1
232,1
233,2
234,2
235,2
236,4
237,1
238,1
239,3
240,5
241,5
242,2
243,2
244,2
245,2
246,1
247,5
248,4
249,1
250,4
251,4
252,5
253,2
254,5
255,4
256,4
257,2
258,3
259,4
260,1
261,2
262,1
263,2
264,3
265,3
266,4
267,2
268,2
269,1
270,4
271,2
272,2
273,2
274,5
275,5
276,1
277,5
278,5
279,1
280,5
281,1
282,1
283,2
284,4
285,2
286,4
287,1
288,1
289,2
290,5
291,4
292,3
293,2
294,3
295,5
296,2
297,3
298,4
299,1
300,4
301,4
302,5
303,2
304,2
305,4
306,1
307,1
308,4
309,3
310,2
311,1
312,2
313,5
314,2
315,4
316,2
317,2
318,5
319,3
320,2
321,3
322,5
323,1
324,2
325,4
326,2
327,2
328,2
329,2
330,5
331,3
332,2
333,3
334,3
335,2
336,4
337,2
338,5
339,4
340,5
341,4
342,2
343,4
344,5
345,5
346,3
347,4
348,2
349,2
350,1
351,5
352,1
353,5
354,5
355,3
356,3
357,1
358,4
359,3
360,5
361,5
362,5
363,4
364,4
365,4
366,1
367,5
368,4
369,4
370,5
371,3
372,2
373,1
374,2
375,3
376,5
377,2
378,5
379,3
380,1
381,5
382,4
383,5
384,5
385,3
386,1
387,5
388,1
389,4
390,1
391,3
392,4
393,1
394,4
395,2
396,4
397,4
398,4
399,5
400,5
401,3
402,2
403,5
404,3
405,3
406,3
407,5
408,4
409,3
410,4
411,1
412,2
413,4
414,4
415,1
416,1
417,2
418,4
419,1
420,2
421,4
422,3
423,4
424,5
425,4
426,3
427,3
428,2
429,5
430,3
431,2
432,2
433,5
434,5
435,4
436,4
437,4
438,4
439,3
440,3
441,5
442,4
443,5
444,3
445,5
446,1
447,5
448,5
449,4
450,3
451,4
452,4
453,1
454,5
455,3
456,5
457,3
458,3
459,3
460,1
461,2
462,5
463,3
464,1
465,2
466,2
467,4
468,1
469,3
470,3
471,1
472,1
473,2
474,2
475,1
476,2
477,2
478,3
479,5
480,5
481,1
482,4
483,2
484,1
485,2
486,4
487,4
488,1
489,1
490,2
491,3
492,2
493,1
494,1
495,3
496,3
497,2
498,4
499,5
500,3
501,2
502,5
503,3
504,3
505,2
506,4
507,5
508,4
509,4
510,4
511,5
512,5
513,2
514,5
515,2
516,4
517,1
518,4
519,5
520,3
521,3
522,3
523,4
524,5
525,1
526,4
527,5
528,1
529,1
530,4
531,2
532,4
533,5
534,4
535,1
536,3
537,1
538,1
539,5
540,3
541,1
542,2
543,5
544,2
545,1
546,2
547,2
548,5
549,2
550,5
551,5
552,3
553,4
554,5
555,4
556,4
557,3
558,2
559,4
560,4
561,3
562,2
563,2
564,1
565,3
566,1
567,5
568,4
569,2
570,4
571,4
572,2
573,4
574,1
575,5
576,1
577,2
578,1
579,1
580,4
581,3
582,5
583,1
584,5
585,5
586,5
587,3
588,1
589,5
590,4
591,4
592,2
593,5
594,5
595,3
596,5
597,4
598,1
599,5
600,2
601,2
602,5
603,2
604,3
605,3
606,5
607,1
608,3
609,2
610,1
611,5
612,4
613,2
614,4
615,5
616,5
617,5
618,4
619,5
620,1
621,3
622,2
623,3
624,5
625,3
626,4
627,4
628,1
629,3
630,5
631,4
632,2
633,2
634,1
635,3
636,5
637,4
638,5
639,3
640,3
641,2
642,1
643,3
644,3
645,5
646,5
647,2
648,3
649,5
650,1
651,5
652,1
653,2
654,2
655,4
656,1
657,5
658,4
659,3
660,1
661,3
662,5
663,4
664,4
665,3
666,4
667,4
668,1
669,2
670,2
671,5
672,2
673,5
674,2
675,3
676,1
677,2
678,3
679,4
680,3
681,2
682,4
683,1
684,4
685,4
686,1
687,3
688,1
689,2
690,3
691,5
692,3
693,5
694,1
695,5
696,3
697,3
698,5
699,4
700,1
701,4
702,3
703,5
704,3
705,1
706,5
707,4
708,2
709,3
710,2
711,2
712,4
713,1
714,1
715,5
716,5
717,2
718,5
719,3
720,3
721,5
722,4
723,4
724,3
725,3
726,5
727,4
728,1
729,1
730,2
731,2
732,5
733,4
734,2
735,4
736,1
737,1
738,1
739,3
740,1
741,3
742,1
743,1
744,3
745,1
746,3
747,2
748,1
749,4
750,5
751,4
752,2
753,4
754,4
755,1
756,5
757,5
758,5
759,1
760,4
761,4
762,5
763,2
764,3
765,2
766,2
767,5
768,1
769,5
770,4
771,1
772,5
773,4
774,4
775,2
776,1
777,5
778,4
779,5
780,3
781,2
782,1
783,1
784,3
785,4
786,4
787,1
788,1
789,3
790,1
791,5
792,5
793,5
794,5
795,3
796,1
797,4
798,4
799,4
800,1
801,4
802,2
803,5
804,2
805,4
806,2
807,2
808,5
809,1
810,4
811,4
812,1
813,1
814,2
815,1
816,1
817,1
818,3
819,4
820,1
821,3
822,4
823,3
824,4
825,5
826,1
827,1
828,5
829,3
830,5
831,5
832,3
833,2
834,2
835,4
836,3
837,1
838,4
839,4
840,5
841,2
842,5
843,3
844,2
845,4
846,4
847,2
848,5
849,3
850,4
851,5
852,4
853,3
854,1
855,3
856,4
857,2
858,3
859,2
860,5
861,1
862,5
863,2
864,5
865,4
866,1
867,5
868,1
869,2
870,5
871,2
872,1
873,2
874,2
875,1
876,4
877,3
878,3
879,2
880,1
881,4
882,2
883,3
884,3
885,1
886,5
887,3
888,1
889,2
890,1
891,4
892,1
893,3
894,5
895,2
896,1
897,3
898,1
899,3
900,5
901,1
902,5
903,2
904,2
905,1
906,1
907,3
908,2
909,1
910,1
911,1
912,2
913,1
914,5
915,5
916,1
917,5
918,4
919,3
920,4
921,4
922,5
923,3
924,1
925,1
926,3
927,5
928,2
929,1
930,3
931,5
932,1
933,4
934,3
935,3
936,2
937,3
938,5
939,5
940,3
941,1
942,4
943,4
944,1
945,5
946,4
947,5
948,1
949,5
950,1
951,3
952,4
953,5
954,3
955,4
956,5
957,1
958,2
959,2
960,3
961,1
962,1
963,2
964,1
965,5
966,5
967,1
968,5
969,3
970,3
971,3
972,2
973,2
974,1
975,4
976,5
977,3
978,1
979,4
980,4
981,2
982,4
983,3
984,2
985,3
986,2
987,1
988,2
989,2
990,5
991,3
992,3
993,3
994,2
995,4
996,4
997,5
998,3
999,1
1000,3
1001,2
1002,3
1003,3
1004,2
1005,5
1006,3
1007,1
1008,4
1009,4
1010,1
1011,1
1012,1
1013,2
1014,2
1015,2
1016,2
1017,2
1018,4
1019,4
1020,5
1021,1
1022,5
1023,4
1024,5
1025,5
1026,4
1027,1
1028,5
1029,5
1030,4
1031,5
1032,5
1033,2
1034,5
1035,4
1036,1
1037,5
1038,1
1039,5
1040,5
1041,4
1042,1
1043,4
1044,2
1045,1
1046,2
1047,5
1048,3
1049,2
1050,2
1051,4
1052,4
1053,5
1054,2
1055,4
1056,2
1057,4
1058,2
1059,1
1060,3
1061,4
1062,5
1063,1
1064,2
1065,3
1066,3
1067,2
1068,5
1069,5
1070,1
1071,5
1072,4
1073,2
1074,1
1075,5
1076,2
1077,5
1078,1
1079,4
1080,2
1081,4
1082,3
1083,4
1084,4
1085,1
1086,3
1087,3
1088,5
1089,1
1090,3
1091,3
1092,3
1093,4
1094,5
1095,5
1096,5
1097,4
1098,5
1099,1
1100,4
1101,4
1102,2
1103,3
1104,1
1105,5
1106,1
1107,4
1108,3
1109,1
1110,4
1111,2
1112,1
1113,1
1114,3
1115,3
1116,4
1117,3
1118,4
1119,5
1120,2
1121,3
1122,4
1123,4
1124,1
1125,5
1126,3
1127,4
1128,1
1129,3
1130,5
1131,4
1132,2
1133,5
1134,1
1135,2
1136,3
1137,1
1138,1
1139,1
1140,2
1141,2
1142,1
1143,5
1144,4
1145,2
1146,4
1147,2
1148,2
1149,2
1150,1
1151,4
1152,1
1153,4
1154,4
1155,5
1156,4
1157,2
1158,3
1159,4
1160,2
1161,1
1162,3
1163,4
1164,3
1165,4
1166,2
1167,3
1168,2
1169,3
1170,5
1171,1
1172,4
1173,2
1174,3
1175,3
1176,3
1177,4
1178,1
1179,1
1180,1
1181,1
1182,4
1183,5
1184,1
1185,2
1186,2
1187,1
1188,4
1189,4
1190,3
1191,1
1192,4
1193,1
1194,4
1195,5
1196,4
1197,5
1198,4
1199,3
1200,5
1201,3
1202,3
1203,3
1204,5
1205,5
1206,3
1207,3
1208,3
1209,2
1210,4
1211,5
1212,3
1213,3
1214,2
1215,4
1216,4
1217,2
1218,4
1219,1
1220,2
1221,4
1222,5
1223,5
1224,4
1225,5
1226,3
1227,1
1228,2
1229,4
1230,2
1231,1
1232,2
1233,2
1234,4
1235,3
1236,5
1237,4
1238,5
1239,5
1240,2
1241,3
1242,1
1243,5
1244,4
1245,3
1246,4
1247,3
1248,2
1249,4
1250,5
1251,3
1252,1
1253,3
1254,4
1255,2
1256,2
1257,2
1258,5
1259,3
1260,3
1261,1
1262,3
1263,2
1264,4
1265,5
1266,1
1267,1
1268,1
1269,5
1270,5
1271,2
1272,4
1273,1
1274,4
1275,4
1276,4
1277,2
1278,1
1279,1
1280,2
1281,4
1282,1
1283,2
1284,1
1285,5
1286,4
1287,5
1288,4
1289,3
1290,1
1291,1
1292,4
1293,3
1294,2
1295,2
1296,3
1297,4
1298,2
1299,4
1300,3
1301,2
1302,3
1303,1
1304,5
1305,5
1306,2
1307,4
1308,5
1309,1
1310,2
1311,4
1312,4
1313,2
1314,1
1315,4
1316,1
1317,5
1318,3
1319,5
1320,3
1321,5
1322,1
1323,1
1324,4
1325,2
1326,4
1327,2
1328,4
1329,1
1330,2
1331,5
1332,4
1333,2
1334,1
1335,5
1336,3
1337,3
1338,4
1339,5
1340,5
1341,3
1342,1
1343,1
1344,1
1345,5
1346,3
1347,4
1348,2
1349,5
1350,2
1351,5
1352,4
1353,1
1354,4
1355,5
1356,4
1357,5
1358,2
1359,5
1360,2
1361,1
1362,2
1363,4
1364,1
1365,4
1366,3
1367,5
1368,4
1369,3
1370,4
1371,3
1372,3
1373,1
1374,3
1375,5
1376,4
1377,5
1378,2
1379,1
1380,3
1381,1
1382,3
1383,1
1384,5
1385,4
1386,3
1387,3
1388,4
1389,4
1390,2
1391,2
1392,4
1393,4
1394,5
1395,5
1396,3
1397,2
1398,1
1399,5
1400,5
1401,5
1402,1
1403,3
1404,1
1405,4
1406,5
1407,4
1408,2
1409,1
1410,2
1411,3
1412,4
1413,4
1414,4
1415,1
1416,3
1417,1
1418,3
1419,4
1420,3
1421,4
1422,5
1423,5
1424,4
1425,1
1426,3
1427,5
1428,2
1429,1
1430,1
1431,1
1432,2
1433,2
1434,2
1435,5
1436,2
1437,3
1438,2
1439,2
1440,4
1441,3
1442,1
1443,3
1444,4
1445,4
1446,2
1447,4
1448,5
1449,1
1450,4
1451,4
1452,1
1453,4
1454,2
1455,2
1456,1
1457,3
1458,5
1459,1
1460,2
1461,1
1462,2
1463,2
1464,3
1465,2
1466,3
1467,2
1468,4
1469,4
1470,3
1471,3
1472,5
1473,2
1474,1
1475,3
1476,5
1477,5
1478,5
1479,4
1480,2
1481,3
1482,5
1483,4
1484,1
1485,5
1486,2
1487,3
1488,2
1489,5
1490,1
1491,1
1492,1
1493,2
1494,4
1495,3
1496,3
1497,2
1498,2
1499,4
1500,1
1501,5
1502,5
1503,2
1504,5
1505,5
1506,4
1507,1
1508,2
1509,2
1510,2
1511,1
1512,1
1513,3
1514,2
1515,1
1516,4
1517,5
1518,4
1519,2
1520,4
1521,4
1522,2
1523,2
1524,3
1525,4
1526,4
1527,5
1528,1
1529,1
1530,5
1531,1
1532,3
1533,4
1534,1
1535,2
1536,1
1537,2
1538,3
1539,3
1540,1
1541,4
1542,1
1543,3
1544,1
1545,5
1546,2
1547,1
1548,5
1549,1
1550,3
1551,2
1552,3
1553,5
1554,5
1555,2
1556,2
1557,1
1558,1
1559,2
1560,3
1561,1
1562,3
1563,2
1564,3
1565,2
1566,1
1567,4
1568,5
1569,5
1570,5
1571,5
1572,5
1573,2
1574,3
1575,3
1576,1
1577,4
1578,1
1579,5
1580,5
1581,2
1582,3
1583,2
1584,2
1585,4
1586,3
1587,5
1588,5
1589,3
1590,4
1591,1
1592,2
1593,1
1594,1
1595,1
1596,2
1597,4
1598,1
1599,2
1600,4
1601,5
1602,5
1603,2
1604,3
1605,4
1606,3
1607,3
1608,2
1609,5
1610,3
1611,5
1612,1
1613,1
1614,5
1615,2
1616,3
1617,4
1618,1
1619,1
1620,2
1621,4
1622,3
1623,4
1624,2
1625,1
1626,2
1627,4
1628,3
1629,3
1630,1
1631,5
1632,1
1633,2
1634,1
1635,1
1636,4
1637,4
1638,3
1639,5
1640,1
1641,4
1642,1
1643,3
1644,1
1645,1
1646,1
1647,3
1648,4
1649,4
1650,2
1651,3
1652,3
1653,2
1654,3
1655,2
1656,1
1657,3
1658,3
1659,2
1660,2
1661,1
1662,5
1663,2
1664,3
1665,4
1666,4
1667,5
1668,4
1669,5
1670,1
1671,5
1672,4
1673,4
1674,3
1675,1
1676,1
1677,4
1678,1
1679,4
1680,5
1681,2
1682,2
1683,3
1684,1
1685,5
1686,1
1687,5
1688,2
1689,5
1690,5
1691,2
1692,3
1693,2
1694,2
1695,1
1696,1
1697,3
1698,3
1699,3
1700,4
1701,1
1702,4
1703,2
1704,3
1705,4
1706,1
1707,1
1708,4
1709,4
1710,2
1711,4
1712,4
1713,4
1714,2
1715,2
1716,5
1717,3
1718,5
1719,2
1720,2
1721,3
1722,1
1723,3
1724,4
1725,1
1726,2
1727,1
1728,5
1729,1
1730,2
1731,2
1732,1
1733,5
1734,4
1735,1
1736,4
1737,3
1738,4
1739,1
1740,3
1741,1
1742,2
1743,5
1744,3
1745,2
1746,5
1747,1
1748,5
1749,3
1750,4
1751,5
1752,5
1753,3
1754,1
1755,1
1756,3
1757,3
1758,4
1759,1
1760,5
1761,5
1762,2
1763,3
1764,4
1765,2
1766,1
1767,3
1768,4
1769,5
1770,3
1771,4
1772,1
1773,3
1774,2
1775,3
1776,2
1777,5
1778,2
1779,1
1780,1
1781,4
1782,4
1783,4
1784,2
1785,3
1786,3
1787,4
1788,2
1789,2
1790,5
1791,5
1792,1
1793,4
1794,2
1795,1
1796,4
1797,1
1798,2
1799,2
1800,5
1801,4
1802,3
1803,3
1804,3
1805,5
1806,2
1807,3
1808,2
1809,5
1810,4
1811,1
1812,1
1813,3
1814,5
1815,4
1816,3
1817,5
1818,5
1819,2
1820,4
1821,1
1822,5
1823,3
1824,3
1825,5
1826,3
1827,1
1828,5
1829,5
1830,5
1831,1
1832,1
1833,3
1834,3
1835,2
1836,1
1837,1
1838,1
1839,2
1840,1
1841,2
1842,4
1843,2
1844,3
1845,1
1846,1
1847,1
1848,4
1849,1
1850,5
1851,4
1852,1
1853,2
1854,5
1855,1
1856,2
1857,2
1858,3
1859,4
1860,3
1861,2
1862,5
1863,4
1864,5
1865,4
1866,5
1867,2
1868,4
1869,2
1870,4
1871,5
1872,1
1873,1
1874,3
1875,4
1876,1
1877,5
1878,5
1879,1
1880,5
1881,1
1882,1
1883,4
1884,1
1885,1
1886,1
1887,2
1888,5
1889,4
1890,5
1891,3
1892,3
1893,2
1894,2
1895,4
1896,5
1897,3
1898,4
1899,3
1900,3
1901,2
1902,2
1903,3
1904,2
1905,5
1906,2
1907,1
1908,2
1909,2
1910,2
1911,2
1912,5
1913,4
1914,5
1915,4
1916,1
1917,1
1918,1
1919,5
1920,4
1921,4
1922,2
1923,4
1924,3
1925,1
1926,5
1927,1
1928,2
1929,4
1930,1
1931,4
1932,5
1933,5
1934,1
1935,1
1936,2
1937,1
1938,3
1939,3
1940,5
1941,5
1942,2
1943,1
1944,3
1945,3
1946,2
1947,2
1948,3
1949,4
1950,5
1951,5
1952,3
1953,5
1954,3
1955,1
1956,1
1957,4
1958,5
1959,5
1960,5
1961,5
1962,3
1963,1
1964,1
1965,3
1966,4
1967,2
1968,3
1969,2
1970,4
1971,2
1972,3
1973,4
1974,5
1975,5
1976,5
1977,4
1978,3
1979,1
1980,4
1981,3
1982,3
1983,3
1984,5
1985,4
1986,3
1987,4
1988,3
1989,5
1990,3
1991,3
1992,4
1993,3
1994,3
1995,3
1996,1
1997,1
1998,5
1999,2
2000,2
2001,2
2002,3
2003,3
2004,1
2005,3
2006,3
2007,1
2008,2
2009,1
2010,3
2011,1
2012,1
2013,2
2014,5
2015,3
2016,1
2017,4
2018,4
2019,3
2020,3
2021,4
2022,5
2023,2
2024,4
2025,5
2026,2
2027,1
2028,3
2029,2
2030,2
2031,4
2032,1
2033,4
2034,3
2035,5
2036,2
2037,2
2038,5
2039,3
2040,3
2041,5
2042,2
2043,3
2044,5
2045,5
2046,1
2047,3
2048,1
2049,3
2050,2
2051,4
2052,4
2053,5
2054,5
2055,4
2056,4
2057,3
2058,5
2059,3
2060,5
2061,4
2062,4
2063,2
2064,2
2065,1
2066,2
2067,2
2068,1
2069,4
2070,3
2071,5
2072,1
2073,1
2074,4
2075,4
2076,3
2077,5
2078,3
2079,3
2080,3
2081,1
2082,3
2083,5
2084,2
2085,5
2086,4
2087,3
2088,4
2089,4
2090,3
2091,2
2092,4
2093,3
2094,3
2095,3
2096,3
2097,5
2098,3
2099,4
2100,2
2101,1
2102,3
2103,1
2104,2
2105,2
2106,3
2107,5
2108,3
2109,4
2110,4
2111,4
2112,3
2113,3
2114,1
2115,4
2116,2
2117,2
2118,1
2119,2
2120,2
2121,4
2122,5
2123,2
2124,2
2125,4
2126,3
2127,5
2128,5
2129,4
2130,3
2131,5
2132,2
2133,5
2134,3
2135,2
2136,1
2137,3
2138,4
2139,5
2140,5
2141,2
2142,5
2143,4
2144,1
2145,5
2146,5
2147,3
2148,5
2149,3
2150,5
2151,1
2152,2
2153,2
2154,1
2155,3
2156,4
2157,2
2158,5
2159,3
2160,5
2161,2
2162,3
2163,1
2164,5
2165,1
2166,3
2167,3
2168,5
2169,5
2170,5
2171,3
2172,5
2173,2
2174,4
2175,4
2176,4
2177,3
2178,4
2179,5
2180,2
2181,1
2182,1
2183,2
2184,3
2185,3
2186,4
2187,5
2188,3
2189,3
2190,4
2191,2
2192,2
2193,4
2194,3
2195,5
2196,1
2197,1
2198,3
2199,1
2200,3
2201,4
2202,5
2203,1
2204,2
2205,2
2206,5
2207,5
2208,5
2209,3
2210,1
2211,1
2212,3
2213,2
2214,4
2215,2
2216,3
2217,3
2218,4
2219,1
2220,5
2221,5
2222,4
2223,2
2224,5
2225,2
2226,2
2227,2
2228,1
2229,1
2230,1
2231,1
2232,4
2233,4
2234,4
2235,2
2236,3
2237,2
2238,1
2239,2
2240,2
2241,4
2242,1
2243,1
2244,2
2245,5
2246,4
2247,4
2248,5
2249,1
2250,3
2251,2
2252,3
2253,4
2254,5
2255,5
2256,2
2257,4
2258,4
2259,1
2260,2
2261,1
2262,4
2263,3
2264,3
2265,3
2266,2
2267,5
2268,2
2269,1
2270,5
2271,5
2272,1
2273,1
2274,3
2275,4
2276,3
2277,2
2278,2
2279,2
2280,1
2281,4
2282,5
2283,2
2284,3
2285,3
2286,1
2287,3
2288,3
2289,3
2290,2
2291,4
2292,3
2293,5
2294,2
2295,1
2296,1
2297,3
2298,2
2299,3
2300,3
2301,5
2302,2
2303,2
2304,3
2305,3
2306,3
2307,5
2308,5
2309,1
2310,4
2311,3
2312,1
2313,2
2314,5
2315,1
2316,3
2317,2
2318,4
2319,4
2320,4
2321,3
2322,2
2323,5
2324,1
2325,1
2326,4
2327,1
2328,2
2329,5
2330,2
2331,5
2332,1
2333,1
2334,4
2335,1
2336,4
2337,5
2338,3
2339,3
2340,2
2341,4
2342,5
2343,3
2344,4
2345,3
2346,5
2347,2
2348,2
2349,3
2350,3
2351,1
2352,3
2353,1
2354,1
2355,1
2356,1
2357,4
2358,3
2359,1
2360,2
2361,3
2362,5
2363,4
2364,4
2365,5
2366,2
2367,3
2368,4
2369,1
2370,5
2371,1
2372,3
2373,3
2374,1
2375,3
2376,4
2377,4
2378,3
2379,4
2380,1
2381,2
2382,3
2383,3
2384,3
2385,3
2386,1
2387,1
2388,2
2389,5
2390,1
2391,5
2392,4
2393,1
2394,3
2395,4
2396,4
2397,4
2398,2
2399,1
2400,1
2401,1
2402,4
2403,3
2404,5
2405,3
2406,2
2407,2
2408,1
2409,1
2410,5
2411,5
2412,5
2413,4
2414,1
2415,1
2416,5
2417,1
2418,3
2419,2
2420,3
2421,1
2422,5
2423,5
2424,5
2425,1
2426,3
2427,1
2428,3
2429,5
2430,1
2431,4
2432,2
2433,1
2434,3
2435,4
2436,5
2437,2
2438,5
2439,5
2440,3
2441,3
2442,1
2443,3
2444,3
2445,1
2446,4
2447,1
2448,4
2449,2
2450,5
2451,4
2452,2
2453,3
2454,4
2455,2
2456,1
2457,2
2458,2
2459,5
2460,4
2461,1
2462,4
2463,2
2464,2
2465,3
2466,3
2467,1
2468,4
2469,5
2470,5
2471,2
2472,5
2473,2
2474,5
2475,2
2476,3
2477,5
2478,3
2479,1
2480,3
2481,1
2482,1
2483,3
2484,2
2485,5
2486,3
2487,4
2488,5
2489,5
2490,5
2491,4
2492,4
2493,2
2494,1
2495,1
2496,2
2497,5
2498,1
2499,5
2500,5
2501,3
2502,5
2503,4
2504,1
2505,3
2506,2
2507,3
2508,3
2509,4
2510,4
2511,3
2512,4
2513,5
2514,1
2515,3
2516,3
2517,5
2518,5
2519,3
2520,2
2521,4
2522,1
2523,2
2524,2
2525,5
2526,4
2527,4
2528,5
2529,4
2530,2
2531,5
2532,1
2533,4
2534,1
2535,4
2536,4
2537,3
2538,1
2539,2
2540,4
2541,3
2542,3
2543,2
2544,2
2545,1
2546,2
2547,1
2548,3
2549,5
2550,4
2551,5
2552,2
2553,5
2554,3
2555,2
2556,5
2557,3
2558,4
2559,3
2560,5
2561,1
2562,5
2563,4
2564,5
2565,2
2566,1
2567,2
2568,5
2569,2
2570,4
2571,3
2572,5
2573,1
2574,4
2575,4
2576,3
2577,3
2578,1
2579,2
2580,5
2581,3
2582,5
2583,2
2584,1
2585,5
2586,2
2587,1
2588,5
2589,1
2590,1
2591,3
2592,5
2593,5
2594,5
2595,3
2596,2
2597,5
2598,4
2599,1
2600,4
2601,5
2602,3
2603,4
2604,1
2605,2
2606,2
2607,3
2608,3
2609,1
2610,1
2611,1
2612,2
2613,2
2614,5
2615,3
2616,2
2617,3
2618,4
2619,2
2620,3
2621,1
2622,1
2623,5
2624,4
2625,1
2626,4
2627,5
2628,2
2629,1
2630,2
2631,2
2632,2
2633,3
2634,4
2635,2
2636,3
2637,5
2638,5
2639,3
2640,4
2641,1
2642,1
2643,3
2644,1
2645,4
2646,5
2647,1
2648,2
2649,5
2650,2
2651,3
2652,5
2653,3
2654,3
2655,4
2656,3
2657,3
2658,1
2659,1
2660,1
2661,2
2662,4
2663,1
2664,3
2665,1
2666,5
2667,2
2668,4
2669,2
2670,2
2671,4
2672,3
2673,5
2674,4
2675,3
2676,3
2677,4
2678,5
2679,5
2680,2
2681,1
2682,4
2683,4
2684,1
2685,1
2686,2
2687,2
2688,4
2689,1
2690,4
2691,3
2692,4
2693,2
2694,3
2695,2
2696,4
2697,4
2698,3
2699,4
2700,1
2701,1
2702,4
2703,4
2704,5
2705,2
2706,3
2707,3
2708,3
2709,5
2710,1
2711,3
2712,4
2713,3
2714,2
2715,3
2716,5
2717,3
2718,5
2719,1
2720,2
2721,4
2722,1
2723,5
2724,1
2725,2
2726,4
2727,3
2728,5
2729,1
2730,5
2731,5
2732,1
2733,3
2734,2
2735,5
2736,4
2737,4
2738,4
2739,1
2740,3
2741,2
2742,1
2743,4
2744,1
2745,4
2746,2
2747,4
2748,4
2749,3
2750,5
2751,4
2752,3
2753,4
2754,4
2755,2
2756,5
2757,1
2758,2
2759,2
2760,4
2761,3
2762,4
2763,3
2764,3
2765,3
2766,4
2767,2
2768,3
2769,5
2770,4
2771,3
2772,4
2773,2
2774,3
2775,2
2776,5
2777,2
2778,5
2779,2
2780,4
2781,1
2782,3
2783,1
2784,5
2785,4
2786,2
2787,2
2788,2
2789,1
2790,5
2791,5
2792,1
2793,4
2794,2
2795,3
2796,4
2797,3
2798,2
2799,4
2800,1
2801,4
2802,1
2803,2
2804,5
2805,2
2806,5
2807,4
2808,3
2809,5
2810,3
2811,4
2812,1
2813,1
2814,4
2815,1
2816,5
2817,3
2818,3
2819,3
2820,1
2821,1
2822,3
2823,3
2824,4
2825,3
2826,5
2827,4
2828,1
2829,5
2830,5
2831,3
2832,1
2833,4
2834,4
2835,4
2836,2
2837,3
2838,4
2839,2
2840,1
2841,2
2842,5
2843,5
2844,2
2845,1
2846,1
2847,5
2848,1
2849,5
2850,4
2851,3
2852,4
2853,1
2854,4
2855,1
2856,3
2857,1
2858,5
2859,1
2860,5
2861,5
2862,1
2863,2
2864,4
2865,3
2866,4
2867,1
2868,2
2869,1
2870,3
2871,5
2872,1
2873,3
2874,4
2875,1
2876,5
2877,4
2878,2
2879,4
2880,2
2881,1
2882,5
2883,4
2884,1
2885,5
2886,1
2887,3
2888,5
2889,5
2890,3
2891,4
2892,5
2893,4
2894,5
2895,1
2896,4
2897,5
2898,4
2899,2
2900,1
2901,5
2902,2
2903,2
2904,3
2905,2
2906,5
2907,4
2908,4
2909,1
2910,1
2911,2
2912,2
2913,2
2914,3
2915,2
2916,4
2917,3
2918,1
2919,5
2920,5
2921,4
2922,5
2923,4
2924,2
2925,2
2926,5
2927,1
2928,3
2929,1
2930,2
2931,4
2932,4
2933,3
2934,2
2935,1
2936,4
2937,5
2938,5
2939,1
2940,2
2941,5
2942,3
2943,2
2944,1
2945,2
2946,5
2947,5
2948,3
2949,2
2950,1
2951,4
2952,1
2953,3
2954,1
2955,3
2956,4
2957,3
2958,2
2959,3
2960,1
2961,5
2962,3
2963,4
2964,1
2965,2
2966,1
2967,3
2968,2
2969,1
2970,3
2971,4
2972,4
2973,5
2974,1
2975,1
2976,2
2977,3
2978,5
2979,5
2980,2
2981,5
2982,3
2983,4
2984,3
2985,4
2986,5
2987,5
2988,3
2989,3
2990,1
2991,3
2992,3
2993,2
2994,2
2995,3
2996,5
2997,2
2998,4
2999,1
3000,3
3001,1
3002,5
3003,1
3004,1
3005,2
3006,4
3007,1
3008,5
3009,5
3010,1
3011,2
3012,5
3013,3
3014,2
3015,5
3016,5
3017,4
3018,4
3019,4
3020,5
3021,1
3022,1
3023,4
3024,3
3025,5
3026,1
3027,3
3028,1
3029,1
3030,3
3031,4
3032,2
3033,3
3034,4
3035,4
3036,2
3037,5
3038,4
3039,1
3040,2
3041,2
3042,3
3043,1
3044,5
3045,3
3046,4
3047,5
3048,5
3049,5
3050,3
3051,1
3052,2
3053,4
3054,3
3055,4
3056,5
3057,2
3058,5
3059,3
3060,2
3061,3
3062,1
3063,3
3064,1
3065,4
3066,5
3067,2
3068,5
3069,2
3070,4
3071,2
3072,2
3073,5
3074,5
3075,1
3076,4
3077,4
3078,1
3079,1
3080,1
3081,5
3082,1
3083,2
3084,5
3085,4
3086,3
3087,5
3088,5
3089,1
3090,5
3091,2
3092,3
3093,5
3094,1
3095,3
3096,1
3097,3
3098,3
3099,1
3100,4
3101,5
3102,1
3103,3
3104,3
3105,1
3106,2
3107,1
3108,5
3109,5
3110,4
3111,1
3112,2
3113,2
3114,1
3115,5
3116,2
3117,5
3118,3
3119,2
3120,5
3121,5
3122,4
3123,3
3124,5
3125,5
3126,3
3127,5
3128,2
3129,3
3130,5
3131,1
3132,5
3133,1
3134,5
3135,5
3136,1
3137,5
3138,5
3139,5
3140,4
3141,5
3142,5
3143,4
3144,4
3145,3
3146,1
3147,2
3148,2
3149,2
3150,5
3151,1
3152,1
3153,2
3154,5
3155,3
3156,2
3157,2
3158,4
3159,5
3160,1
3161,3
3162,5
3163,2
3164,2
3165,4
3166,1
3167,1
3168,2
3169,1
3170,2
3171,3
3172,4
3173,4
3174,5
3175,2
3176,5
3177,5
3178,5
3179,2
3180,1
3181,3
3182,3
3183,3
3184,4
3185,2
3186,4
3187,5
3188,3
3189,1
3190,3
3191,5
3192,5
3193,1
3194,2
3195,3
3196,1
3197,1
3198,2
3199,1
3200,5
3201,1
3202,1
3203,5
3204,1
3205,5
3206,1
3207,4
3208,2
3209,1
3210,2
3211,2
3212,2
3213,5
3214,5
3215,5
3216,3
3217,1
3218,2
3219,5
3220,4
3221,4
3222,5
3223,5
3224,2
3225,4
3226,3
3227,5
3228,5
3229,1
3230,5
3231,5
3232,3
3233,3
3234,5
3235,4
3236,1
3237,2
3238,5
3239,3
3240,5
3241,2
3242,4
3243,1
3244,5
3245,4
3246,1
3247,2
3248,1
3249,3
3250,3
3251,5
3252,1
3253,2
3254,4
3255,1
3256,3
3257,2
3258,2
3259,2
3260,1
3261,2
3262,2
3263,2
3264,2
3265,5
3266,5
3267,1
3268,1
3269,2
3270,3
3271,1
3272,4
3273,1
3274,1
3275,1
3276,3
3277,4
3278,4
3279,5
3280,5
3281,3
3282,3
3283,3
3284,2
3285,1
3286,3
3287,5
3288,5
3289,3
3290,1
3291,5
3292,4
3293,4
3294,1
3295,5
3296,2
3297,4
3298,3
3299,3
3300,3
3301,2
3302,3
3303,3
3304,5
3305,3
3306,5
3307,3
3308,4
3309,3
3310,5
3311,2
3312,3
3313,4
3314,3
3315,2
3316,2
3317,4
3318,4
3319,3
3320,4
3321,4
3322,5
3323,3
3324,4
3325,3
3326,5
3327,4
3328,1
3329,4
3330,2
3331,3
3332,4
3333,1
3334,1
3335,3
3336,2
3337,3
3338,1
3339,5
3340,1
3341,2
3342,1
3343,4
3344,2
3345,3
3346,2
3347,5
3348,5
3349,1
3350,4
3351,5
3352,3
3353,4
3354,2
3355,4
3356,4
3357,4
3358,5
3359,1
3360,1
3361,1
3362,4
3363,5
3364,1
3365,2
3366,4
3367,3
3368,2
3369,1
3370,5
3371,4
3372,4
3373,5
3374,5
3375,5
3376,2
3377,5
3378,1
3379,4
3380,5
3381,1
3382,1
3383,4
3384,5
3385,5
3386,3
3387,5
3388,4
3389,3
3390,4
3391,3
3392,1
3393,1
3394,4
3395,3
3396,5
3397,2
3398,1
3399,3
3400,5
3401,5
3402,3
3403,2
3404,1
3405,5
3406,4
3407,3
3408,1
3409,4
3410,2
3411,1
3412,4
3413,3
3414,4
3415,2
3416,2
3417,4
3418,1
3419,5
3420,1
3421,2
3422,1
3423,4
3424,2
3425,4
3426,2
3427,5
3428,2
3429,5
3430,2
3431,2
3432,2
3433,2
3434,1
3435,4
3436,5
3437,1
3438,1
3439,4
3440,1
3441,1
3442,2
3443,5
3444,5
3445,2
3446,5
3447,1
3448,5
3449,2
3450,4
3451,2
3452,3
3453,1
3454,1
3455,1
3456,1
3457,2
3458,1
3459,3
3460,5
3461,1
3462,4
3463,3
3464,2
3465,5
3466,1
3467,5
3468,2
3469,5
3470,3
3471,1
3472,4
3473,5
3474,3
3475,5
3476,4
3477,1
3478,3
3479,2
3480,3
3481,5
3482,2
3483,3
3484,4
3485,1
3486,1
3487,4
3488,5
3489,2
3490,3
3491,5
3492,1
3493,2
3494,4
3495,5
3496,1
3497,1
3498,4
3499,3
3500,4
3501,1
3502,4
3503,1
3504,4
3505,2
3506,2
3507,1
3508,3
3509,4
3510,2
3511,4
3512,4
3513,5
3514,4
3515,5
3516,5
3517,3
3518,5
3519,3
3520,4
3521,4
3522,1
3523,5
3524,2
3525,1
3526,3
3527,2
3528,1
3529,1
3530,5
3531,3
3532,2
3533,1
3534,1
3535,3
3536,5
3537,4
3538,4
3539,1
3540,4
3541,4
3542,5
3543,2
3544,1
3545,2
3546,2
3547,1
3548,1
3549,4
3550,5
3551,1
3552,1
3553,3
3554,2
3555,2
3556,3
3557,1
3558,3
3559,5
3560,4
3561,5
3562,1
3563,1
3564,1
3565,3
3566,2
3567,5
3568,2
3569,5
3570,2
3571,5
3572,4
3573,1
3574,3
3575,5
3576,2
3577,2
3578,3
3579,3
3580,5
3581,4
3582,2
3583,1
3584,5
3585,4
3586,3
3587,1
3588,1
3589,2
3590,2
3591,2
3592,2
3593,1
3594,2
3595,5
3596,3
3597,5
3598,2
3599,5
3600,4
3601,3
3602,5
3603,2
3604,1
3605,1
3606,1
3607,2
3608,1
3609,2
3610,1
3611,4
3612,3
3613,1
3614,2
3615,3
3616,1
3617,2
3618,2
3619,5
3620,4
3621,3
3622,5
3623,2
3624,5
3625,3
3626,1
3627,3
3628,3
3629,4
3630,3
3631,3
3632,5
3633,1
3634,2
3635,1
3636,4
3637,1
3638,3
3639,1
3640,1
3641,2
3642,3
3643,3
3644,4
3645,4
3646,4
3647,2
3648,1
3649,1
3650,5
3651,3
3652,4
3653,4
3654,5
3655,4
3656,3
3657,5
3658,1
3659,2
3660,1
3661,2
3662,1
3663,5
3664,1
3665,2
3666,1
3667,2
3668,4
3669,1
3670,5
3671,4
3672,4
3673,2
3674,5
3675,1
3676,5
3677,4
3678,5
3679,3
3680,4
3681,4
3682,4
3683,5
3684,5
3685,1
3686,3
3687,2
3688,4
3689,1
3690,3
3691,2
3692,2
3693,5
3694,4
3695,5
3696,2
3697,2
3698,5
3699,1
3700,1
3701,1
3702,3
3703,3
3704,3
3705,1
3706,5
3707,1
3708,4
3709,1
3710,2
3711,4
3712,3
3713,4
3714,4
3715,1
3716,5
3717,1
3718,1
3719,5
3720,2
3721,2
3722,3
3723,3
3724,4
3725,3
3726,5
3727,2
3728,2
3729,5
3730,5
3731,3
3732,5
3733,1
3734,5
3735,1
3736,2
3737,3
3738,1
3739,2
3740,5
3741,4
3742,1
3743,3
3744,1
3745,5
3746,2
3747,2
3748,3
3749,2
3750,1
3751,1
3752,4
3753,2
3754,3
3755,1
3756,1
3757,5
3758,4
3759,4
3760,2
3761,2
3762,3
3763,2
3764,3
3765,2
3766,5
3767,5
3768,3
3769,4
3770,4
3771,3
3772,2
3773,4
3774,4
3775,1
3776,4
3777,3
3778,5
3779,5
3780,2
3781,4
3782,4
3783,1
3784,1
3785,3
3786,2
3787,1
3788,3
3789,1
3790,1
3791,2
3792,4
3793,5
3794,3
3795,5
3796,4
3797,1
3798,4
3799,5
3800,3
3801,4
3802,5
3803,3
3804,4
3805,1
3806,4
3807,2
3808,1
3809,3
3810,4
3811,2
3812,2
3813,3
3814,3
3815,4
3816,5
3817,1
3818,3
3819,4
3820,2
3821,5
3822,4
3823,4
3824,3
3825,4
3826,5
3827,4
3828,4
3829,3
3830,2
3831,4
3832,1
3833,2
3834,1
3835,2
3836,4
3837,2
3838,1
3839,3
3840,4
3841,5
3842,1
3843,3
3844,1
3845,4
3846,4
3847,3
3848,4
3849,5
3850,3
3851,4
3852,5
3853,1
3854,4
3855,4
3856,1
3857,4
3858,1
3859,4
3860,1
3861,4
3862,5
3863,4
3864,2
3865,2
3866,2
3867,3
3868,3
3869,3
3870,4
3871,3
3872,1
3873,1
3874,4
3875,3
3876,5
3877,4
3878,4
3879,5
3880,1
3881,5
3882,3
3883,4
3884,5
3885,4
3886,4
3887,2
3888,4
3889,5
3890,4
3891,3
3892,4
3893,1
3894,3
3895,3
3896,4
3897,3
3898,2
3899,3
3900,2
3901,1
3902,3
3903,5
3904,2
3905,1
3906,4
3907,3
3908,3
3909,2
3910,4
3911,2
3912,3
3913,2
3914,1
3915,3
3916,3
3917,5
3918,5
3919,3
3920,2
3921,4
3922,2
3923,5
3924,3
3925,2
3926,2
3927,3
3928,3
3929,4
3930,5
3931,1
3932,1
3933,4
3934,2
3935,1
3936,4
3937,1
3938,5
3939,1
3940,2
3941,2
3942,3
3943,4
3944,1
3945,2
3946,2
3947,5
3948,2
3949,4
3950,3
3951,1
3952,1
3953,1
3954,5
3955,2
3956,3
3957,4
3958,1
3959,4
3960,3
3961,5
3962,2
3963,3
3964,3
3965,1
3966,3
3967,4
3968,3
3969,2
3970,2
3971,3
3972,2
3973,3
3974,5
3975,4
3976,2
3977,3
3978,1
3979,4
3980,5
3981,5
3982,1
3983,3
3984,1
3985,4
3986,3
3987,4
3988,5
3989,5
3990,4
3991,1
3992,5
3993,1
3994,1
3995,1
3996,2
3997,4
3998,5
3999,3
4000,5
4001,4
4002,4
4003,4
4004,2
4005,5
4006,3
4007,2
4008,2
4009,3
4010,2
4011,1
4012,1
4013,1
4014,3
4015,4
4016,3
4017,5
4018,2
4019,4
4020,3
4021,1
4022,1
4023,1
4024,4
4025,1
4026,2
4027,1
4028,5
4029,3
4030,3
4031,5
4032,2
4033,2
4034,1
4035,5
4036,3
4037,2
4038,5
4039,3
4040,3
4041,1
4042,5
4043,3
4044,2
4045,3
4046,2
4047,4
4048,4
4049,2
4050,3
4051,1
4052,5
4053,5
4054,1
4055,2
4056,3
4057,2
4058,3
4059,5
4060,1
4061,2
4062,3
4063,4
4064,2
4065,4
4066,4
4067,4
4068,5
4069,4
4070,4
4071,4
4072,5
4073,1
4074,3
4075,2
4076,4
4077,1
4078,4
4079,1
4080,2
4081,1
4082,3
4083,4
4084,1
4085,5
4086,5
4087,4
4088,3
4089,2
4090,5
4091,5
4092,1
4093,2
4094,5
4095,1
4096,5
4097,3
4098,3
4099,3
4100,5
4101,2
4102,3
4103,2
4104,4
4105,1
4106,5
4107,5
4108,3
4109,4
4110,3
4111,1
4112,2
4113,2
4114,2
4115,3
4116,3
4117,2
4118,3
4119,5
4120,1
4121,2
4122,1
4123,1
4124,3
4125,5
4126,4
4127,3
4128,1
4129,1
4130,5
4131,3
4132,1
4133,5
4134,2
4135,4
4136,3
4137,3
4138,4
4139,3
4140,4
4141,4
4142,4
4143,5
4144,1
4145,1
4146,5
4147,2
4148,4
4149,1
4150,3
4151,3
4152,3
4153,5
4154,4
4155,3
4156,5
4157,5
4158,5
4159,4
4160,1
4161,1
4162,3
4163,4
4164,1
4165,5
4166,3
4167,1
4168,2
4169,4
4170,1
4171,2
4172,2
4173,3
4174,4
4175,3
4176,3
4177,5
4178,4
4179,2
4180,3
4181,4
4182,3
4183,1
4184,2
4185,4
4186,4
4187,1
4188,2
4189,4
4190,4
4191,5
4192,4
4193,2
4194,2
4195,5
4196,5
4197,1
4198,5
4199,3
4200,1
4201,5
4202,4
4203,4
4204,2
4205,2
4206,1
4207,5
4208,2
4209,3
4210,4
4211,5
4212,5
4213,4
4214,3
4215,2
4216,2
4217,1
4218,2
4219,2
4220,1
4221,3
4222,4
4223,4
4224,5
4225,1
4226,3
4227,3
4228,4
4229,2
4230,1
4231,3
4232,1
4233,3
4234,1
4235,1
4236,1
4237,3
4238,5
4239,4
4240,2
4241,3
4242,3
4243,4
4244,2
4245,4
4246,2
4247,3
4248,5
4249,3
4250,5
4251,3
4252,1
4253,4
4254,5
4255,3
4256,3
4257,5
4258,4
4259,3
4260,3
4261,1
4262,5
4263,4
4264,4
4265,2
4266,4
4267,3
4268,2
4269,3
4270,1
4271,4
4272,1
4273,4
4274,5
4275,3
4276,4
4277,1
4278,3
4279,2
4280,1
4281,4
4282,2
4283,1
4284,4
4285,2
4286,4
4287,1
4288,2
4289,3
4290,5
4291,4
4292,2
4293,4
4294,1
4295,3
4296,3
4297,4
4298,3
4299,4
4300,1
4301,3
4302,3
4303,1
4304,3
4305,1
4306,1
4307,2
4308,4
4309,2
4310,5
4311,2
4312,2
4313,5
4314,1
4315,5
4316,4
4317,1
4318,1
4319,5
4320,5
4321,1
4322,3
4323,2
4324,4
4325,1
4326,1
4327,4
4328,1
4329,1
4330,3
4331,4
4332,1
4333,3
4334,1
4335,3
4336,5
4337,4
4338,4
4339,4
4340,3
4341,1
4342,2
4343,2
4344,5
4345,5
4346,3
4347,4
4348,5
4349,1
4350,5
4351,1
4352,1
4353,3
4354,4
4355,1
4356,5
4357,2
4358,3
4359,4
4360,1
4361,2
4362,4
4363,4
4364,2
4365,1
4366,3
4367,1
4368,2
4369,4
4370,4
4371,3
4372,2
4373,3
4374,3
4375,2
4376,4
4377,1
4378,3
4379,5
4380,4
4381,4
4382,1
4383,4
4384,2
4385,5
4386,4
4387,3
4388,4
4389,5
4390,1
4391,3
4392,1
4393,2
4394,4
4395,5
4396,2
4397,2
4398,4
4399,5
4400,1
4401,2
4402,5
4403,2
4404,3
4405,1
4406,3
4407,3
4408,1
4409,2
4410,4
4411,4
4412,5
4413,2
4414,3
4415,4
4416,1
4417,4
4418,3
4419,5
4420,1
4421,1
4422,3
4423,5
4424,2
4425,4
4426,4
4427,3
4428,2
4429,4
4430,5
4431,2
4432,5
4433,2
4434,4
4435,5
4436,5
4437,5
4438,3
4439,1
4440,2
4441,3
4442,4
4443,1
4444,3
4445,2
4446,2
4447,2
4448,1
4449,3
4450,1
4451,5
4452,1
4453,5
4454,2
4455,5
4456,4
4457,1
4458,1
4459,2
4460,2
4461,1
4462,5
4463,4
4464,5
4465,5
4466,5
4467,5
4468,2
4469,5
4470,1
4471,5
4472,3
4473,1
4474,2
4475,3
4476,5
4477,5
4478,3
4479,2
4480,5
4481,4
4482,3
4483,1
4484,4
4485,2
4486,1
4487,4
4488,1
4489,2
4490,3
4491,2
4492,5
4493,5
4494,3
4495,3
4496,4
4497,5
4498,5
4499,1
4500,5
4501,2
4502,3
4503,2
4504,4
4505,2
4506,3
4507,4
4508,5
4509,4
4510,2
4511,3
4512,2
4513,4
4514,5
4515,5
4516,5
4517,1
4518,5
4519,2
4520,1
4521,4
4522,3
4523,2
4524,1
4525,3
4526,4
4527,2
4528,5
4529,3
4530,2
4531,4
4532,4
4533,4
4534,2
4535,1
4536,1
4537,3
4538,5
4539,2
4540,5
4541,1
4542,1
4543,3
4544,4
4545,4
4546,2
4547,2
4548,1
4549,5
4550,1
4551,3
4552,4
4553,2
4554,3
4555,3
4556,5
4557,3
4558,3
4559,1
4560,5
4561,2
4562,1
4563,3
4564,5
4565,3
4566,5
4567,4
4568,5
4569,2
4570,3
4571,3
4572,4
4573,1
4574,3
4575,1
4576,4
4577,1
4578,1
4579,1
4580,5
4581,1
4582,2
4583,3
4584,2
4585,5
4586,2
4587,2
4588,3
4589,2
4590,2
4591,3
4592,3
4593,2
4594,4
4595,4
4596,3
4597,5
4598,1
4599,3
4600,4
4601,2
4602,3
4603,4
4604,1
4605,5
4606,1
4607,5
4608,1
4609,1
4610,1
4611,1
4612,1
4613,4
4614,1
4615,1
4616,4
4617,2
4618,3
4619,4
4620,3
4621,1
4622,3
4623,1
4624,5
4625,3
4626,4
4627,2
4628,2
4629,3
4630,4
4631,2
4632,3
4633,5
4634,4
4635,5
4636,5
4637,2
4638,2
4639,3
4640,4
4641,5
4642,1
4643,4
4644,2
4645,2
4646,3
4647,4
4648,3
4649,4
4650,5
4651,5
4652,3
4653,5
4654,3
4655,1
4656,4
4657,2
4658,1
4659,4
4660,4
4661,1
4662,5
4663,2
4664,3
4665,1
4666,3
4667,1
4668,4
4669,3
4670,1
4671,3
4672,1
4673,2
4674,5
4675,5
4676,5
4677,1
4678,2
4679,2
4680,1
4681,4
4682,2
4683,2
4684,2
4685,1
4686,1
4687,2
4688,5
4689,3
4690,2
4691,3
4692,1
4693,5
4694,2
4695,4
4696,1
4697,1
4698,4
4699,4
4700,1
4701,3
4702,3
4703,1
4704,4
4705,5
4706,4
4707,1
4708,2
4709,3
4710,3
4711,4
4712,1
4713,5
4714,4
4715,2
4716,4
4717,4
4718,3
4719,3
4720,2
4721,2
4722,4
4723,1
4724,3
4725,4
4726,3
4727,4
4728,3
4729,3
4730,1
4731,4
4732,1
4733,4
4734,5
4735,3
4736,3
4737,5
4738,1
4739,5
4740,3
4741,1
4742,3
4743,2
4744,1
4745,2
4746,2
4747,2
4748,2
4749,3
4750,4
4751,5
4752,3
4753,4
4754,5
4755,1
4756,3
4757,2
4758,1
4759,1
4760,2
4761,2
4762,3
4763,3
4764,4
4765,3
4766,2
4767,3
4768,1
4769,3
4770,2
4771,4
4772,5
4773,2
4774,2
4775,2
4776,3
4777,3
4778,4
4779,3
4780,4
4781,5
4782,5
4783,3
4784,3
4785,1
4786,5
4787,3
4788,2
4789,5
4790,4
4791,1
4792,5
4793,5
4794,2
4795,1
4796,4
4797,5
4798,3
4799,5
4800,3
4801,4
4802,3
4803,1
4804,5
4805,5
4806,5
4807,3
4808,3
4809,1
4810,3
4811,1
4812,3
4813,2
4814,1
4815,3
4816,4
4817,3
4818,5
4819,3
4820,2
4821,5
4822,5
4823,2
4824,5
4825,4
4826,3
4827,1
4828,5
4829,4
4830,2
4831,3
4832,5
4833,2
4834,1
4835,1
4836,2
4837,1
4838,2
4839,3
4840,3
4841,3
4842,3
4843,3
4844,2
4845,3
4846,2
4847,4
4848,3
4849,4
4850,3
4851,2
4852,4
4853,1
4854,1
4855,4
4856,1
4857,5
4858,2
4859,1
4860,2
4861,3
4862,1
4863,4
4864,1
4865,1
4866,4
4867,3
4868,3
4869,3
4870,5
4871,2
4872,4
4873,2
4874,5
4875,4
4876,5
4877,1
4878,4
4879,1
4880,5
4881,2
4882,4
4883,4
4884,4
4885,4
4886,5
4887,3
4888,4
4889,2
4890,4
4891,1
4892,4
4893,2
4894,1
4895,2
4896,3
4897,5
4898,5
4899,2
4900,4
4901,4
4902,4
4903,1
4904,2
4905,4
4906,4
4907,2
4908,2
4909,1
4910,1
4911,2
4912,4
4913,4
4914,3
4915,3
4916,3
4917,5
4918,4
4919,4
4920,3
4921,5
4922,2
4923,1
4924,3
4925,2
4926,3
4927,5
4928,4
4929,3
4930,2
4931,1
4932,3
4933,5
4934,1
4935,5
4936,1
4937,4
4938,2
4939,1
4940,1
4941,2
4942,2
4943,3
4944,4
4945,5
4946,2
4947,4
4948,5
4949,3
4950,3
4951,3
4952,2
4953,5
4954,2
4955,5
4956,4
4957,5
4958,2
4959,3
4960,5
4961,4
4962,4
4963,1
4964,5
4965,1
4966,1
4967,1
4968,4
4969,3
4970,5
4971,3
4972,5
4973,5
4974,4
4975,5
4976,5
4977,3
4978,5
4979,4
4980,2
4981,5
4982,1
4983,2
4984,4
4985,3
4986,2
4987,5
4988,4
4989,3
4990,2
4991,4
4992,4
4993,1
4994,1
4995,1
4996,4
4997,3
4998,1
4999,4
5000,3
5001,5
5002,5
5003,1
5004,3
5005,3
5006,5
5007,3
5008,2
5009,4
5010,2
5011,4
5012,3
5013,1
5014,1
5015,3
5016,2
5017,4
5018,1
5019,1
5020,3
5021,5
5022,2
5023,5
5024,1
5025,1
5026,2
5027,3
5028,2
5029,3
5030,4
5031,2
5032,4
5033,5
5034,5
5035,4
5036,3
5037,2
5038,1
5039,1
5040,4
5041,5
5042,5
5043,5
5044,5
5045,3
5046,4
5047,2
5048,4
5049,1
5050,2
5051,3
5052,3
5053,1
5054,3
5055,5
5056,3
5057,3
5058,2
5059,1
5060,1
5061,2
5062,4
5063,1
5064,4
5065,2
5066,2
5067,2
5068,1
5069,2
5070,5
5071,2
5072,4
5073,2
5074,1
5075,1
5076,2
5077,5
5078,2
5079,5
5080,5
5081,1
5082,1
5083,5
5084,3
5085,2
5086,1
5087,5
5088,1
5089,2
5090,3
5091,3
5092,5
5093,5
5094,4
5095,5
5096,4
5097,3
5098,1
5099,5
5100,4
5101,2
5102,3
5103,3
5104,5
5105,1
5106,3
5107,3
5108,5
5109,3
5110,5
5111,1
5112,5
5113,5
5114,1
5115,1
5116,3
5117,4
5118,3
5119,5
5120,5
5121,3
5122,2
5123,4
5124,3
5125,4
5126,5
5127,2
5128,3
5129,5
5130,4
5131,2
5132,2
5133,5
5134,3
5135,2
5136,2
5137,5
5138,5
5139,4
5140,4
5141,5
5142,2
5143,1
5144,3
5145,5
5146,4
5147,3
5148,1
5149,3
5150,4
5151,5
5152,3
5153,3
5154,5
5155,1
5156,4
5157,1
5158,5
5159,1
5160,5
5161,1
5162,5
5163,4
5164,2
5165,1
5166,3
5167,1
5168,4
5169,2
5170,1
5171,2
5172,2
5173,3
5174,1
5175,1
5176,1
5177,3
5178,4
5179,5
5180,3
5181,2
5182,4
5183,5
5184,2
5185,5
5186,1
5187,1
5188,5
5189,2
5190,1
5191,2
5192,1
5193,1
5194,1
5195,5
5196,5
5197,3
5198,2
5199,1
5200,5
5201,4
5202,3
5203,5
5204,4
5205,4
5206,5
5207,1
5208,5
5209,3
5210,2
5211,4
5212,4
5213,3
5214,4
5215,5
5216,1
5217,2
5218,2
5219,2
5220,5
5221,3
5222,2
5223,2
5224,1
5225,4
5226,4
5227,5
5228,3
5229,1
5230,4
5231,2
5232,5
5233,2
5234,4
5235,1
5236,4
5237,4
5238,1
5239,2
5240,1
5241,3
5242,5
5243,4
5244,4
5245,3
5246,4
5247,4
5248,5
5249,4
5250,4
5251,2
5252,1
5253,3
5254,1
5255,2
5256,5
5257,3
5258,3
5259,4
5260,4
5261,4
5262,1
5263,1
5264,2
5265,2
5266,1
5267,3
5268,4
5269,4
5270,1
5271,2
5272,2
5273,4
5274,4
5275,4
5276,1
5277,1
5278,3
5279,3
5280,4
5281,4
5282,1
5283,1
5284,2
5285,1
5286,4
5287,2
5288,2
5289,1
5290,5
5291,3
5292,1
5293,3
5294,4
5295,3
5296,1
5297,5
5298,3
5299,3
5300,4
5301,3
5302,4
5303,2
5304,1
5305,1
5306,3
5307,5
5308,2
5309,3
5310,3
5311,1
5312,5
5313,4
5314,1
5315,3
5316,4
5317,5
5318,5
5319,4
5320,3
5321,4
5322,1
5323,5
5324,3
5325,5
5326,4
5327,4
5328,2
5329,2
5330,2
5331,2
5332,2
5333,3
5334,3
5335,1
5336,4
5337,1
5338,2
5339,1
5340,1
5341,4
5342,2
5343,4
5344,3
5345,3
5346,2
5347,3
5348,5
5349,4
5350,4
5351,1
5352,3
5353,2
5354,2
5355,2
5356,1
5357,5
5358,1
5359,3
5360,1
5361,4
5362,4
5363,1
5364,5
5365,1
5366,1
5367,2
5368,2
5369,4
5370,1
5371,1
5372,2
5373,2
5374,4
5375,4
5376,4
5377,4
5378,1
5379,5
5380,1
5381,4
5382,4
5383,1
5384,5
5385,3
5386,4
5387,1
5388,5
5389,1
5390,1
5391,5
5392,2
5393,2
5394,2
5395,1
5396,1
5397,4
5398,5
5399,3
5400,5
5401,3
5402,3
5403,3
5404,1
5405,2
5406,4
5407,1
5408,2
5409,3
5410,1
5411,1
5412,1
5413,3
5414,4
5415,4
5416,4
5417,5
5418,3
5419,4
5420,5
5421,3
5422,2
5423,5
5424,1
5425,4
5426,2
5427,1
5428,2
5429,4
5430,4
5431,2
5432,5
5433,4
5434,2
5435,1
5436,1
5437,2
5438,4
5439,3
5440,3
5441,1
5442,5
5443,5
5444,5
5445,3
5446,2
5447,1
5448,5
5449,3
5450,5
5451,5
5452,1
5453,1
5454,5
5455,4
5456,4
5457,1
5458,4
5459,3
5460,5
5461,3
5462,4
5463,3
5464,4
5465,3
5466,2
5467,2
5468,5
5469,3
5470,1
5471,1
5472,5
5473,4
5474,4
5475,1
5476,5
5477,5
5478,3
5479,1
5480,5
5481,3
5482,1
5483,1
5484,2
5485,4
5486,1
5487,3
5488,4
5489,5
5490,4
5491,3
5492,1
5493,5
5494,3
5495,1
5496,5
5497,4
5498,2
5499,4
5500,2
5501,3
5502,1
5503,4
5504,2
5505,2
5506,3
5507,4
5508,4
5509,1
5510,5
5511,2
5512,1
5513,2
5514,4
5515,1
5516,4
5517,4
5518,4
5519,1
5520,2
5521,4
5522,1
5523,3
5524,2
5525,5
5526,3
5527,3
5528,1
5529,1
5530,5
5531,1
5532,5
5533,5
5534,1
5535,3
5536,4
5537,2
5538,5
5539,5
5540,2
5541,3
5542,4
5543,4
5544,4
5545,4
5546,4
5547,2
5548,5
5549,4
5550,2
5551,5
5552,4
5553,1
5554,2
5555,2
5556,2
5557,1
5558,1
5559,2
5560,1
5561,2
5562,1
5563,3
5564,5
5565,4
5566,1
5567,5
5568,5
5569,1
5570,1
5571,4
5572,1
5573,1
5574,1
5575,3
5576,2
5577,4
5578,5
5579,4
5580,5
5581,5
5582,3
5583,5
5584,3
5585,1
5586,5
5587,3
5588,5
5589,2
5590,5
5591,1
5592,3
5593,4
5594,5
5595,4
5596,3
5597,5
5598,3
5599,5
5600,1
5601,4
5602,4
5603,4
5604,5
5605,5
5606,2
5607,2
5608,3
5609,2
5610,4
5611,1
5612,5
5613,4
5614,3
5615,5
5616,2
5617,2
5618,3
5619,1
5620,4
5621,5
5622,5
5623,1
5624,4
5625,5
5626,4
5627,3
5628,3
5629,5
5630,4
5631,5
5632,5
5633,3
5634,3
5635,1
5636,2
5637,4
5638,1
5639,3
5640,3
5641,1
5642,5
5643,3
5644,4
5645,4
5646,4
5647,4
5648,1
5649,2
5650,2
5651,2
5652,1
5653,3
5654,1
5655,4
5656,4
5657,5
5658,4
5659,4
5660,1
5661,5
5662,2
5663,3
5664,1
5665,3
5666,3
5667,4
5668,3
5669,3
5670,4
5671,5
5672,4
5673,5
5674,4
5675,1
5676,3
5677,2
5678,3
5679,3
5680,1
5681,2
5682,1
5683,2
5684,3
5685,1
5686,4
5687,4
5688,4
5689,5
5690,1
5691,3
5692,4
5693,1
5694,1
5695,5
5696,2
5697,4
5698,2
5699,5
5700,4
5701,3
5702,2
5703,1
5704,2
5705,2
5706,1
5707,1
5708,4
5709,2
5710,5
5711,5
5712,2
5713,1
5714,4
5715,3
5716,3
5717,4
5718,4
5719,3
5720,3
5721,4
5722,2
5723,3
5724,2
5725,4
5726,1
5727,4
5728,5
5729,3
5730,4
5731,3
5732,1
5733,2
5734,4
5735,2
5736,4
5737,1
5738,1
5739,2
5740,5
5741,3
5742,5
5743,5
5744,3
5745,5
5746,2
5747,5
5748,5
5749,2
5750,4
5751,2
5752,4
5753,2
5754,3
5755,5
5756,4
5757,4
5758,4
5759,1
5760,1
5761,2
5762,3
5763,4
5764,4
5765,5
5766,3
5767,4
5768,2
5769,3
5770,4
5771,2
5772,3
5773,5
5774,2
5775,4
5776,4
5777,4
5778,2
5779,2
5780,5
5781,5
5782,5
5783,2
5784,5
5785,1
5786,3
5787,1
5788,2
5789,2
5790,1
5791,2
5792,2
5793,1
5794,5
5795,4
5796,5
5797,2
5798,5
5799,1
5800,5
5801,2
5802,5
5803,4
5804,2
5805,1
5806,3
5807,3
5808,5
5809,2
5810,5
5811,5
5812,1
5813,2
5814,1
5815,3
5816,2
5817,3
5818,1
5819,4
5820,4
5821,1
5822,2
5823,1
5824,4
5825,5
5826,3
5827,4
5828,1
5829,3
5830,4
5831,3
5832,3
5833,3
5834,2
5835,3
5836,1
5837,4
5838,3
5839,5
5840,5
5841,2
5842,5
5843,5
5844,1
5845,2
5846,4
5847,2
5848,3
5849,5
5850,1
5851,4
5852,5
5853,5
5854,3
5855,5
5856,2
5857,5
5858,4
5859,4
5860,5
5861,1
5862,5
5863,1
5864,5
5865,2
5866,2
5867,1
5868,1
5869,2
5870,4
5871,1
5872,1
5873,1
5874,3
5875,3
5876,3
5877,2
5878,3
5879,3
5880,5
5881,3
5882,4
5883,1
5884,4
5885,5
5886,3
5887,2
5888,3
5889,4
5890,2
5891,4
5892,1
5893,3
5894,3
5895,2
5896,2
5897,2
5898,3
5899,5
5900,1
5901,3
5902,4
5903,2
5904,4
5905,4
5906,3
5907,1
5908,3
5909,1
5910,5
5911,3
5912,5
5913,5
5914,4
5915,5
5916,5
5917,2
5918,5
5919,1
5920,5
5921,3
5922,2
5923,1
5924,4
5925,3
5926,2
5927,3
5928,2
5929,2
5930,5
5931,5
5932,4
5933,3
5934,2
5935,5
5936,2
5937,3
5938,5
5939,5
5940,1
5941,5
5942,5
5943,4
5944,5
5945,5
5946,2
5947,1
5948,4
5949,1
5950,1
5951,3
5952,3
5953,1
5954,1
5955,3
5956,4
5957,5
5958,5
5959,2
5960,3
5961,4
5962,4
5963,2
5964,1
5965,5
5966,4
5967,5
5968,4
5969,4
5970,1
5971,5
5972,5
5973,3
5974,2
5975,4
5976,2
5977,3
5978,1
5979,1
5980,5
5981,1
5982,5
5983,1
5984,2
5985,1
5986,4
5987,1
5988,1
5989,5
5990,5
5991,3
5992,3
5993,2
5994,1
5995,5
5996,2
5997,5
5998,1
5999,5
6000,2
6001,4
6002,4
6003,2
6004,3
6005,4
6006,3
6007,2
6008,3
6009,4
6010,2
6011,2
6012,3
6013,5
6014,1
6015,5
6016,5
6017,2
6018,5
6019,3
6020,5
6021,1
6022,2
6023,2
6024,3
6025,2
6026,5
6027,3
6028,1
6029,3
6030,2
6031,2
6032,4
6033,4
6034,1
6035,2
6036,4
6037,2
6038,5
6039,4
6040,4
6041,5
6042,5
6043,3
6044,3
6045,4
6046,2
6047,5
6048,4
6049,3
6050,4
6051,5
6052,2
6053,2
6054,1
6055,4
6056,5
6057,3
6058,5
6059,5
6060,3
6061,2
6062,4
6063,5
6064,5
6065,3
6066,4
6067,1
6068,3
6069,2
6070,4
6071,4
6072,1
6073,4
6074,2
6075,2
6076,2
6077,1
6078,2
6079,3
6080,4
6081,5
6082,3
6083,2
6084,5
6085,4
6086,2
6087,2
6088,1
6089,5
6090,3
6091,1
6092,4
6093,4
6094,2
6095,4
6096,4
6097,3
6098,3
6099,4
6100,5
6101,4
6102,1
6103,5
6104,3
6105,3
6106,4
6107,2
6108,2
6109,2
6110,5
6111,3
6112,5
6113,3
6114,5
6115,2
6116,5
6117,2
6118,1
6119,1
6120,2
6121,5
6122,1
6123,5
6124,1
6125,1
6126,2
6127,4
6128,4
6129,4
6130,2
6131,4
6132,1
6133,4
6134,3
6135,1
6136,2
6137,5
6138,3
6139,1
6140,4
6141,5
6142,4
6143,3
6144,2
6145,5
6146,5
6147,3
6148,2
6149,2
6150,4
6151,5
6152,2
6153,4
6154,1
6155,1
6156,4
6157,4
6158,2
6159,5
6160,3
6161,4
6162,4
6163,3
6164,2
6165,3
6166,5
6167,5
6168,4
6169,2
6170,1
6171,5
6172,1
6173,5
6174,2
6175,1
6176,2
6177,2
6178,3
6179,5
6180,1
6181,2
6182,5
6183,3
6184,3
6185,3
6186,1
6187,1
6188,2
6189,5
6190,4
6191,2
6192,2
6193,5
6194,1
6195,2
6196,2
6197,2
6198,1
6199,2
6200,2
6201,2
6202,3
6203,5
6204,4
6205,2
6206,1
6207,5
6208,5
6209,3
6210,2
6211,2
6212,5
6213,3
6214,3
6215,3
6216,3
6217,5
6218,3
6219,3
6220,2
6221,1
6222,2
6223,2
6224,1
6225,5
6226,4
6227,3
6228,5
6229,4
6230,1
6231,2
6232,1
6233,3
6234,1
6235,2
6236,4
6237,4
6238,1
6239,1
6240,5
6241,5
6242,3
6243,3
6244,4
6245,2
6246,1
6247,2
6248,5
6249,4
6250,3
6251,5
6252,4
6253,1
6254,5
6255,3
6256,4
6257,5
6258,3
6259,1
6260,4
6261,4
6262,1
6263,4
6264,2
6265,2
6266,3
6267,2
6268,1
6269,3
6270,3
6271,5
6272,1
6273,1
6274,2
6275,5
6276,1
6277,2
6278,5
6279,5
6280,4
6281,1
6282,3
6283,4
6284,2
6285,4
6286,2
6287,3
6288,5
6289,5
6290,3
6291,3
6292,5
6293,5
6294,5
6295,3
6296,5
6297,3
6298,3
6299,5
6300,1
6301,4
6302,1
6303,4
6304,1
6305,5
6306,5
6307,1
6308,4
6309,1
6310,1
6311,1
6312,4
6313,5
6314,5
6315,1
6316,5
6317,1
6318,2
6319,3
6320,3
6321,2
6322,2
6323,5
6324,5
6325,4
6326,2
6327,3
6328,2
6329,2
6330,2
6331,3
6332,4
6333,5
6334,5
6335,5
6336,5
6337,4
6338,2
6339,1
6340,3
6341,4
6342,3
6343,4
6344,3
6345,4
6346,4
6347,4
6348,3
6349,4
6350,5
6351,4
6352,2
6353,5
6354,4
6355,2
6356,2
6357,4
6358,4
6359,2
6360,2
6361,5
6362,5
6363,1
6364,5
6365,2
6366,1
6367,2
6368,5
6369,1
6370,3
6371,4
6372,2
6373,4
6374,2
6375,2
6376,4
6377,2
6378,3
6379,4
6380,4
6381,4
6382,2
6383,2
6384,1
6385,3
6386,4
6387,5
6388,1
6389,1
6390,2
6391,5
6392,3
6393,3
6394,2
6395,2
6396,3
6397,2
6398,1
6399,4
6400,2
6401,2
6402,3
6403,4
6404,3
6405,1
6406,2
6407,2
6408,2
6409,1
6410,4
6411,1
6412,4
6413,3
6414,2
6415,1
6416,5
6417,3
6418,3
6419,3
6420,1
6421,2
6422,4
6423,1
6424,2
6425,5
6426,1
6427,2
6428,2
6429,1
6430,4
6431,3
6432,4
6433,1
6434,1
6435,5
6436,5
6437,2
6438,3
6439,3
6440,5
6441,3
6442,4
6443,3
6444,3
6445,2
6446,5
6447,1
6448,5
6449,2
6450,4
6451,2
6452,3
6453,2
6454,4
6455,3
6456,2
6457,2
6458,1
6459,5
6460,3
6461,5
6462,3
6463,3
6464,2
6465,1
6466,5
6467,2
6468,4
6469,1
6470,5
6471,4
6472,4
6473,2
6474,1
6475,2
6476,2
6477,2
6478,4
6479,4
6480,1
6481,5
6482,3
6483,4
6484,5
6485,4
6486,1
6487,5
6488,5
6489,3
6490,5
6491,2
6492,4
6493,2
6494,2
6495,2
6496,1
6497,2
6498,5
6499,5
6500,1
6501,1
6502,2
6503,5
6504,4
6505,4
6506,4
6507,4
6508,4
6509,4
6510,4
6511,2
6512,3
6513,4
6514,2
6515,2
6516,2
6517,4
6518,5
6519,5
6520,5
6521,2
6522,1
6523,3
6524,3
6525,5
6526,1
6527,2
6528,3
6529,3
6530,3
6531,3
6532,4
6533,5
6534,1
6535,4
6536,5
6537,4
6538,1
6539,2
6540,3
6541,4
6542,1
6543,4
6544,2
6545,1
6546,3
6547,4
6548,1
6549,1
6550,5
6551,3
6552,3
6553,5
6554,5
6555,1
6556,1
6557,5
6558,4
6559,2
6560,5
6561,2
6562,2
6563,1
6564,2
6565,5
6566,5
6567,2
6568,3
6569,2
6570,1
6571,3
6572,4
6573,4
6574,1
6575,1
6576,5
6577,4
6578,5
6579,2
6580,1
6581,1
6582,5
6583,3
6584,4
6585,2
6586,5
6587,5
6588,2
6589,3
6590,5
6591,3
6592,4
6593,5
6594,5
6595,5
6596,5
6597,4
6598,3
6599,4
6600,2
6601,3
6602,2
6603,1
6604,3
6605,1
6606,3
6607,5
6608,3
6609,3
6610,1
6611,3
6612,2
6613,3
6614,1
6615,1
6616,4
6617,5
6618,5
6619,2
6620,1
6621,3
6622,2
6623,2
6624,3
6625,1
6626,3
6627,3
6628,3
6629,1
6630,4
6631,1
6632,1
6633,2
6634,3
6635,2
6636,1
6637,2
6638,1
6639,2
6640,2
6641,4
6642,1
6643,2
6644,4
6645,2
6646,2
6647,5
6648,2
6649,4
6650,1
6651,2
6652,4
6653,3
6654,5
6655,3
6656,5
6657,4
6658,3
6659,5
6660,1
6661,3
6662,5
6663,3
6664,5
6665,2
6666,1
6667,3
6668,1
6669,3
6670,3
6671,1
6672,3
6673,3
6674,1
6675,5
6676,5
6677,4
6678,3
6679,1
6680,2
6681,5
6682,1
6683,1
6684,3
6685,4
6686,5
6687,1
6688,4
6689,4
6690,2
6691,3
6692,1
6693,3
6694,4
6695,2
6696,4
6697,2
6698,2
6699,5
6700,5
6701,1
6702,5
6703,5
6704,1
6705,3
6706,4
6707,3
6708,1
6709,5
6710,1
6711,3
6712,5
6713,4
6714,3
6715,4
6716,4
6717,2
6718,5
6719,2
6720,5
6721,2
6722,1
6723,5
6724,4
6725,4
6726,1
6727,4
6728,4
6729,4
6730,3
6731,4
6732,4
6733,2
6734,2
6735,3
6736,1
6737,5
6738,2
6739,3
6740,4
6741,4
6742,2
6743,1
6744,2
6745,5
6746,3
6747,2
6748,3
6749,1
6750,2
6751,1
6752,1
6753,5
6754,1
6755,1
6756,2
6757,2
6758,1
6759,2
6760,2
6761,2
6762,2
6763,5
6764,4
6765,2
6766,3
6767,4
6768,2
6769,5
6770,5
6771,3
6772,4
6773,4
6774,3
6775,2
6776,5
6777,2
6778,5
6779,1
6780,4
6781,1
6782,2
6783,2
6784,5
6785,5
6786,4
6787,4
6788,4
6789,1
6790,5
6791,1
6792,3
6793,2
6794,1
6795,5
6796,2
6797,2
6798,2
6799,5
6800,4
6801,1
6802,5
6803,5
6804,2
6805,3
6806,2
6807,4
6808,4
6809,3
6810,3
6811,2
6812,5
6813,5
6814,1
6815,2
6816,1
6817,2
6818,3
6819,5
6820,2
6821,3
6822,5
6823,1
6824,1
6825,4
6826,3
6827,1
6828,4
6829,4
6830,5
6831,4
6832,1
6833,2
6834,4
6835,1
6836,1
6837,4
6838,5
6839,3
6840,1
6841,5
6842,4
6843,2
6844,3
6845,4
6846,4
6847,1
6848,5
6849,2
6850,1
6851,2
6852,3
6853,4
6854,3
6855,1
6856,2
6857,1
6858,4
6859,3
6860,3
6861,4
6862,3
6863,4
6864,3
6865,4
6866,5
6867,2
6868,4
6869,1
6870,2
6871,3
6872,3
6873,3
6874,3
6875,3
6876,5
6877,3
6878,4
6879,1
6880,1
6881,1
6882,5
6883,1
6884,1
6885,4
6886,1
6887,1
6888,1
6889,2
6890,3
6891,5
6892,3
6893,1
6894,4
6895,2
6896,4
6897,5
6898,3
6899,3
6900,4
6901,1
6902,5
6903,3
6904,2
6905,5
6906,1
6907,3
6908,1
6909,4
6910,2
6911,2
6912,2
6913,1
6914,1
6915,2
6916,5
6917,4
6918,3
6919,5
6920,2
6921,5
6922,5
6923,4
6924,1
6925,5
6926,2
6927,2
6928,3
6929,3
6930,5
6931,1
6932,1
6933,3
6934,4
6935,5
6936,2
6937,5
6938,3
6939,5
6940,4
6941,5
6942,3
6943,1
6944,3
6945,1
6946,1
6947,1
6948,1
6949,5
6950,5
6951,3
6952,2
6953,3
6954,2
6955,1
6956,4
6957,3
6958,5
6959,1
6960,2
6961,2
6962,3
6963,5
6964,5
6965,2
6966,3
6967,1
6968,4
6969,5
6970,1
6971,1
6972,5
6973,3
6974,2
6975,5
6976,5
6977,1
6978,1
6979,4
6980,3
6981,2
6982,3
6983,3
6984,4
6985,4
6986,3
6987,3
6988,3
6989,5
6990,2
6991,3
6992,3
6993,5
6994,1
6995,3
6996,2
6997,3
6998,2
6999,3
7000,2
7001,2
7002,5
7003,5
7004,1
7005,3
7006,3
7007,1
7008,5
7009,2
7010,3
7011,2
7012,1
7013,5
7014,3
7015,2
7016,1
7017,1
7018,2
7019,5
7020,1
7021,5
7022,2
7023,5
7024,5
7025,1
7026,3
7027,1
7028,1
7029,1
7030,3
7031,5
7032,5
7033,3
7034,1
7035,1
7036,2
7037,1
7038,5
7039,4
7040,1
7041,5
7042,2
7043,1
7044,2
7045,1
7046,3
7047,3
7048,5
7049,5
7050,5
7051,3
7052,4
7053,1
7054,5
7055,3
7056,3
7057,1
7058,5
7059,2
7060,5
7061,4
7062,4
7063,1
7064,2
7065,1
7066,4
7067,2
7068,2
7069,5
7070,2
7071,1
7072,5
7073,4
7074,3
7075,3
7076,2
7077,5
7078,5
7079,3
7080,5
7081,3
7082,2
7083,4
7084,2
7085,1
7086,1
7087,4
7088,1
7089,3
7090,3
7091,2
7092,4
7093,5
7094,3
7095,5
7096,2
7097,1
7098,1
7099,3
7100,5
7101,5
7102,4
7103,4
7104,2
7105,2
7106,5
7107,1
7108,2
7109,5
7110,1
7111,3
7112,2
7113,3
7114,3
7115,3
7116,2
7117,1
7118,4
7119,5
7120,3
7121,2
7122,1
7123,4
7124,5
7125,5
7126,4
7127,1
7128,5
7129,5
7130,1
7131,1
7132,5
7133,4
7134,4
7135,5
7136,2
7137,2
7138,1
7139,1
7140,5
7141,1
7142,2
7143,4
7144,1
7145,2
7146,1
7147,1
7148,2
7149,5
7150,1
7151,1
7152,2
7153,3
7154,4
7155,2
7156,4
7157,1
7158,4
7159,3
7160,5
7161,4
7162,4
7163,4
7164,5
7165,2
7166,2
7167,4
7168,5
7169,1
7170,1
7171,1
7172,2
7173,4
7174,1
7175,2
7176,1
7177,2
7178,2
7179,5
7180,3
7181,1
7182,1
7183,2
7184,1
7185,4
7186,2
7187,5
7188,2
7189,5
7190,4
7191,3
7192,3
7193,4
7194,5
7195,3
7196,5
7197,1
7198,3
7199,4
7200,1
7201,2
7202,2
7203,5
7204,1
7205,3
7206,5
7207,5
7208,2
7209,5
7210,5
7211,4
7212,1
7213,4
7214,3
7215,4
7216,3
7217,1
7218,5
7219,1
7220,1
7221,4
7222,1
7223,5
7224,3
7225,5
7226,5
7227,3
7228,1
7229,2
7230,4
7231,2
7232,4
7233,4
7234,4
7235,2
7236,3
7237,3
7238,3
7239,4
7240,3
7241,1
7242,1
7243,2
7244,3
7245,1
7246,2
7247,2
7248,2
7249,2
7250,4
7251,3
7252,1
7253,1
7254,2
7255,1
7256,3
7257,5
7258,2
7259,2
7260,1
7261,5
7262,4
7263,5
7264,4
7265,3
7266,3
7267,3
7268,3
7269,2
7270,1
7271,5
7272,4
7273,5
7274,1
7275,5
7276,4
7277,4
7278,1
7279,5
7280,3
7281,3
7282,1
7283,4
7284,2
7285,4
7286,5
7287,1
7288,5
7289,2
7290,1
7291,5
7292,2
7293,3
7294,1
7295,2
7296,1
7297,4
7298,2
7299,3
7300,3
7301,4
7302,3
7303,2
7304,4
7305,2
7306,5
7307,3
7308,3
7309,5
7310,1
7311,3
7312,3
7313,1
7314,1
7315,1
7316,2
7317,2
7318,2
7319,4
7320,4
7321,5
7322,4
7323,1
7324,3
7325,2
7326,1
7327,1
7328,5
7329,2
7330,1
7331,1
7332,2
7333,1
7334,5
7335,2
7336,3
7337,5
7338,5
7339,5
7340,5
7341,5
7342,2
7343,1
7344,3
7345,3
7346,5
7347,3
7348,4
7349,4
7350,2
7351,4
7352,2
7353,5
7354,5
7355,4
7356,1
7357,4
7358,1
7359,4
7360,5
7361,2
7362,2
7363,5
7364,3
7365,5
7366,4
7367,4
7368,3
7369,2
7370,1
7371,3
7372,2
7373,5
7374,2
7375,3
7376,3
7377,5
7378,3
7379,5
7380,4
7381,5
7382,1
7383,5
7384,1
7385,3
7386,1
7387,3
7388,5
7389,2
7390,4
7391,4
7392,4
7393,4
7394,3
7395,3
7396,5
7397,4
7398,4
7399,5
7400,3
7401,1
7402,2
7403,4
7404,5
7405,4
7406,4
7407,1
7408,4
7409,3
7410,4
7411,1
7412,4
7413,4
7414,4
7415,4
7416,5
7417,2
7418,4
7419,1
7420,2
7421,3
7422,1
7423,2
7424,2
7425,1
7426,3
7427,5
7428,2
7429,4
7430,5
7431,3
7432,2
7433,4
7434,3
7435,4
7436,5
7437,2
7438,5
7439,5
7440,5
7441,4
7442,3
7443,1
7444,2
7445,2
7446,5
7447,5
7448,3
7449,3
7450,4
7451,5
7452,5
7453,5
7454,3
7455,5
7456,4
7457,4
7458,5
7459,5
7460,1
7461,2
7462,3
7463,3
7464,3
7465,4
7466,3
7467,5
7468,3
7469,1
7470,3
7471,2
7472,3
7473,2
7474,4
7475,5
7476,2
7477,1
7478,2
7479,1
7480,5
7481,1
7482,4
7483,2
7484,4
7485,1
7486,1
7487,2
7488,5
7489,3
7490,3
7491,1
7492,5
7493,4
7494,2
7495,4
7496,3
7497,3
7498,2
7499,4
7500,3
7501,4
7502,2
7503,2
7504,1
7505,1
7506,4
7507,2
7508,4
7509,4
7510,2
7511,1
7512,5
7513,1
7514,4
7515,3
7516,3
7517,1
7518,5
7519,4
7520,1
7521,2
7522,5
7523,2
7524,4
7525,5
7526,5
7527,1
7528,4
7529,3
7530,2
7531,2
7532,3
7533,1
7534,4
7535,3
7536,3
7537,1
7538,1
7539,2
7540,4
7541,1
7542,2
7543,3
7544,3
7545,5
7546,3
7547,5
7548,4
7549,1
7550,2
7551,1
7552,1
7553,1
7554,4
7555,3
7556,1
7557,2
7558,5
7559,2
7560,3
7561,2
7562,4
7563,5
7564,5
7565,5
7566,3
7567,3
7568,5
7569,5
7570,1
7571,2
7572,4
7573,5
7574,5
7575,5
7576,1
7577,1
7578,1
7579,5
7580,4
7581,4
7582,5
7583,3
7584,3
7585,2
7586,5
7587,1
7588,4
7589,3
7590,2
7591,5
7592,5
7593,3
7594,3
7595,3
7596,3
7597,2
7598,5
7599,2
7600,3
7601,4
7602,3
7603,3
7604,2
7605,3
7606,5
7607,5
7608,1
7609,3
7610,1
7611,3
7612,1
7613,3
7614,5
7615,2
7616,5
7617,5
7618,2
7619,5
7620,3
7621,4
7622,2
7623,2
7624,4
7625,4
7626,3
7627,4
7628,2
7629,5
7630,3
7631,1
7632,4
7633,5
7634,4
7635,3
7636,1
7637,1
7638,1
7639,3
7640,2
7641,5
7642,2
7643,1
7644,3
7645,4
7646,4
7647,1
7648,3
7649,3
7650,1
7651,5
7652,5
7653,5
7654,2
7655,4
7656,1
7657,4
7658,5
7659,3
7660,4
7661,3
7662,3
7663,2
7664,4
7665,5
7666,1
7667,3
7668,4
7669,4
7670,2
7671,1
7672,5
7673,3
7674,2
7675,3
7676,1
7677,5
7678,4
7679,2
7680,3
7681,3
7682,3
7683,5
7684,1
7685,2
7686,4
7687,4
7688,5
7689,2
7690,3
7691,2
7692,3
7693,4
7694,3
7695,3
7696,4
7697,1
7698,5
7699,4
7700,4
7701,2
7702,3
7703,5
7704,2
7705,2
7706,2
7707,3
7708,3
7709,3
7710,2
7711,4
7712,1
7713,4
7714,3
7715,4
7716,1
7717,5
7718,3
7719,4
7720,2
7721,3
7722,2
7723,5
7724,5
7725,4
7726,5
7727,4
7728,4
7729,3
7730,1
7731,1
7732,3
7733,4
7734,4
7735,1
7736,3
7737,1
7738,3
7739,5
7740,2
7741,3
7742,3
7743,1
7744,1
7745,3
7746,1
7747,2
7748,2
7749,2
7750,3
7751,2
7752,2
7753,1
7754,5
7755,3
7756,3
7757,4
7758,2
7759,3
7760,2
7761,3
7762,3
7763,3
7764,1
7765,4
7766,5
7767,2
7768,1
7769,1
7770,4
7771,1
7772,1
7773,2
7774,4
7775,2
7776,3
7777,3
7778,5
7779,3
7780,5
7781,4
7782,2
7783,5
7784,3
7785,3
7786,5
7787,4
7788,3
7789,4
7790,3
7791,4
7792,3
7793,4
7794,4
7795,4
7796,1
7797,3
7798,2
7799,2
7800,5
7801,5
7802,1
7803,5
7804,1
7805,5
7806,3
7807,5
7808,3
7809,5
7810,5
7811,1
7812,1
7813,3
7814,5
7815,2
7816,3
7817,5
7818,4
7819,1
7820,4
7821,4
7822,3
7823,1
7824,1
7825,5
7826,3
7827,5
7828,4
7829,4
7830,5
7831,5
7832,2
7833,4
7834,4
7835,5
7836,5
7837,1
7838,4
7839,2
7840,3
7841,1
7842,4
7843,1
7844,4
7845,2
7846,1
7847,4
7848,2
7849,1
7850,1
7851,2
7852,2
7853,3
7854,4
7855,5
7856,3
7857,2
7858,5
7859,4
7860,1
7861,3
7862,3
7863,2
7864,1
7865,4
7866,4
7867,1
7868,4
7869,1
7870,1
7871,1
7872,3
7873,3
7874,4
7875,3
7876,5
7877,4
7878,1
7879,4
7880,5
7881,5
7882,4
7883,3
7884,3
7885,2
7886,4
7887,4
7888,2
7889,3
7890,5
7891,5
7892,4
7893,5
7894,4
7895,3
7896,2
7897,2
7898,5
7899,1
7900,4
7901,3
7902,5
7903,2
7904,5
7905,2
7906,4
7907,4
7908,1
7909,4
7910,1
7911,5
7912,4
7913,4
7914,3
7915,3
7916,4
7917,1
7918,3
7919,5
7920,4
7921,5
7922,4
7923,3
7924,1
7925,1
7926,5
7927,1
7928,1
7929,4
7930,5
7931,5
7932,2
7933,3
7934,2
7935,3
7936,4
7937,1
7938,5
7939,5
7940,3
7941,3
7942,4
7943,1
7944,5
7945,1
7946,1
7947,4
7948,1
7949,4
7950,5
7951,5
7952,3
7953,3
7954,5
7955,5
7956,5
7957,2
7958,4
7959,2
7960,4
7961,1
7962,2
7963,4
7964,4
7965,5
7966,4
7967,1
7968,4
7969,4
7970,2
7971,2
7972,1
7973,3
7974,3
7975,4
7976,2
7977,3
7978,1
7979,3
7980,3
7981,1
7982,4
7983,5
7984,2
7985,3
7986,4
7987,3
7988,3
7989,3
7990,4
7991,4
7992,1
7993,3
7994,1
7995,1
7996,3
7997,2
7998,5
7999,5
8000,1
8001,3
8002,5
8003,4
8004,2
8005,4
8006,5
8007,1
8008,2
8009,1
8010,4
8011,3
8012,5
8013,3
8014,1
8015,3
8016,5
8017,2
8018,1
8019,5
8020,5
8021,5
8022,2
8023,2
8024,2
8025,3
8026,1
8027,1
8028,4
8029,5
8030,2
8031,3
8032,3
8033,1
8034,3
8035,2
8036,4
8037,1
8038,2
8039,1
8040,3
8041,5
8042,4
8043,2
8044,1
8045,3
8046,1
8047,4
8048,4
8049,3
8050,5
8051,4
8052,4
8053,1
8054,4
8055,5
8056,3
8057,4
8058,2
8059,2
8060,3
8061,2
8062,2
8063,4
8064,4
8065,5
8066,2
8067,1
8068,1
8069,2
8070,1
8071,1
8072,2
8073,2
8074,2
8075,3
8076,3
8077,1
8078,4
8079,2
8080,2
8081,5
8082,5
8083,1
8084,2
8085,3
8086,2
8087,4
8088,4
8089,5
8090,5
8091,1
8092,5
8093,1
8094,4
8095,5
8096,2
8097,1
8098,4
8099,2
8100,3
8101,5
8102,3
8103,4
8104,2
8105,3
8106,3
8107,1
8108,1
8109,2
8110,1
8111,3
8112,2
8113,4
8114,2
8115,1
8116,2
8117,5
8118,3
8119,4
8120,4
8121,3
8122,1
8123,3
8124,4
8125,2
8126,5
8127,3
8128,1
8129,3
8130,2
8131,2
8132,2
8133,3
8134,4
8135,3
8136,2
8137,5
8138,2
8139,5
8140,3
8141,3
8142,5
8143,4
8144,4
8145,2
8146,1
8147,5
8148,4
8149,5
8150,3
8151,2
8152,1
8153,5
8154,3
8155,2
8156,3
8157,2
8158,5
8159,4
8160,5
8161,2
8162,3
8163,3
8164,4
8165,5
8166,5
8167,5
8168,4
8169,4
8170,3
8171,5
8172,5
8173,5
8174,1
8175,5
8176,1
8177,1
8178,4
8179,4
8180,5
8181,1
8182,2
8183,5
8184,1
8185,2
8186,5
8187,2
8188,5
8189,4
8190,5
8191,3
8192,4
8193,4
8194,3
8195,1
8196,3
8197,5
8198,4
8199,1
8200,3
8201,4
8202,2
8203,4
8204,2
8205,1
8206,4
8207,3
8208,3
8209,5
8210,5
8211,5
8212,3
8213,3
8214,1
8215,5
8216,2
8217,4
8218,5
8219,1
8220,3
8221,2
8222,4
8223,5
8224,5
8225,2
8226,1
8227,3
8228,5
8229,4
8230,5
8231,2
8232,4
8233,5
8234,3
8235,4
8236,4
8237,2
8238,5
8239,4
8240,4
8241,2
8242,4
8243,3
8244,4
8245,3
8246,2
8247,1
8248,3
8249,1
8250,4
8251,1
8252,5
8253,2
8254,5
8255,4
8256,1
8257,4
8258,3
8259,4
8260,2
8261,2
8262,5
8263,4
8264,1
8265,2
8266,4
8267,1
8268,3
8269,3
8270,4
8271,2
8272,2
8273,5
8274,1
8275,3
8276,3
8277,1
8278,4
8279,3
8280,2
8281,4
8282,2
8283,4
8284,4
8285,5
8286,1
8287,3
8288,3
8289,5
8290,5
8291,3
8292,1
8293,2
8294,5
8295,3
8296,1
8297,2
8298,1
8299,5
8300,5
8301,1
8302,5
8303,2
8304,5
8305,2
8306,1
8307,4
8308,4
8309,2
8310,5
8311,5
8312,3
8313,3
8314,2
8315,3
8316,2
8317,2
8318,4
8319,2
8320,4
8321,1
8322,3
8323,2
8324,4
8325,1
8326,3
8327,3
8328,5
8329,4
8330,3
8331,3
8332,3
8333,3
8334,4
8335,5
8336,2
8337,3
8338,1
8339,4
8340,5
8341,2
8342,3
8343,1
8344,2
8345,5
8346,4
8347,5
8348,4
8349,1
8350,5
8351,1
8352,3
8353,4
8354,3
8355,3
8356,5
8357,3
8358,3
8359,1
8360,4
8361,4
8362,4
8363,3
8364,4
8365,1
8366,1
8367,4
8368,5
8369,3
8370,2
8371,4
8372,1
8373,3
8374,2
8375,2
8376,1
8377,3
8378,3
8379,5
8380,2
8381,2
8382,5
8383,1
8384,4
8385,3
8386,2
8387,5
8388,5
8389,2
8390,5
8391,3
8392,4
8393,1
8394,1
8395,5
8396,2
8397,4
8398,2
8399,1
8400,2
8401,4
8402,3
8403,2
8404,2
8405,4
8406,1
8407,3
8408,1
8409,2
8410,3
8411,1
8412,5
8413,5
8414,5
8415,3
8416,3
8417,1
8418,4
8419,4
8420,2
8421,2
8422,3
8423,2
8424,2
8425,3
8426,4
8427,1
8428,4
8429,3
8430,1
8431,2
8432,3
8433,4
8434,2
8435,5
8436,1
8437,1
8438,2
8439,4
8440,3
8441,4
8442,4
8443,3
8444,3
8445,5
8446,1
8447,1
8448,1
8449,3
8450,2
8451,3
8452,5
8453,2
8454,3
8455,5
8456,2
8457,2
8458,3
8459,2
8460,4
8461,1
8462,1
8463,1
8464,4
8465,3
8466,2
8467,1
8468,1
8469,3
8470,3
8471,4
8472,5
8473,2
8474,4
8475,5
8476,3
8477,4
8478,3
8479,3
8480,1
8481,2
8482,4
8483,4
8484,1
8485,5
8486,4
8487,5
8488,1
8489,5
8490,3
8491,1
8492,2
8493,5
8494,5
8495,1
8496,4
8497,4
8498,2
8499,2
8500,4
8501,1
8502,1
8503,3
8504,2
8505,3
8506,1
8507,5
8508,5
8509,5
8510,1
8511,5
8512,5
8513,2
8514,1
8515,2
8516,4
8517,3
8518,4
8519,1
8520,2
8521,4
8522,2
8523,1
8524,4
8525,1
8526,5
8527,1
8528,3
8529,4
8530,4
8531,5
8532,5
8533,3
8534,4
8535,3
8536,1
8537,2
8538,4
8539,4
8540,4
8541,1
8542,1
8543,5
8544,2
8545,4
8546,3
8547,1
8548,5
8549,2
8550,4
8551,5
8552,4
8553,5
8554,3
8555,5
8556,1
8557,2
8558,1
8559,3
8560,1
8561,3
8562,4
8563,5
8564,3
8565,1
8566,3
8567,2
8568,1
8569,5
8570,5
8571,4
8572,5
8573,2
8574,1
8575,3
8576,4
8577,4
8578,4
8579,5
8580,5
8581,5
8582,2
8583,5
8584,1
8585,5
8586,1
8587,5
8588,3
8589,3
8590,2
8591,2
8592,2
8593,4
8594,1
8595,3
8596,4
8597,4
8598,2
8599,2
8600,4
8601,1
8602,5
8603,2
8604,1
8605,1
8606,3
8607,4
8608,2
8609,1
8610,4
8611,1
8612,4
8613,1
8614,5
8615,5
8616,5
8617,4
8618,5
8619,2
8620,1
8621,3
8622,5
8623,3
8624,1
8625,4
8626,2
8627,1
8628,4
8629,3
8630,2
8631,1
8632,2
8633,5
8634,1
8635,1
8636,1
8637,2
8638,5
8639,2
8640,4
8641,4
8642,4
8643,2
8644,3
8645,2
8646,1
8647,4
8648,2
8649,4
8650,5
8651,4
8652,2
8653,3
8654,1
8655,5
8656,5
8657,2
8658,1
8659,2
8660,1
8661,1
8662,1
8663,1
8664,3
8665,1
8666,4
8667,2
8668,5
8669,2
8670,2
8671,5
8672,3
8673,4
8674,2
8675,3
8676,2
8677,3
8678,1
8679,3
8680,2
8681,5
8682,2
8683,5
8684,3
8685,3
8686,1
8687,4
8688,5
8689,5
8690,3
8691,4
8692,5
8693,1
8694,4
8695,2
8696,2
8697,4
8698,4
8699,2
8700,5
8701,1
8702,4
8703,3
8704,5
8705,1
8706,2
8707,2
8708,5
8709,5
8710,1
8711,5
8712,5
8713,5
8714,2
8715,5
8716,1
8717,2
8718,3
8719,2
8720,4
8721,2
8722,1
8723,2
8724,3
8725,3
8726,1
8727,3
8728,1
8729,5
8730,5
8731,1
8732,2
8733,1
8734,5
8735,2
8736,3
8737,3
8738,2
8739,2
8740,1
8741,3
8742,5
8743,3
8744,5
8745,5
8746,2
8747,5
8748,4
8749,2
8750,5
8751,2
8752,2
8753,4
8754,3
8755,2
8756,2
8757,4
8758,4
8759,5
8760,2
8761,4
8762,2
8763,2
8764,1
8765,5
8766,1
8767,1
8768,4
8769,3
8770,1
8771,5
8772,5
8773,3
8774,2
8775,1
8776,5
8777,2
8778,4
8779,5
8780,4
8781,5
8782,4
8783,5
8784,2
8785,5
8786,1
8787,4
8788,2
8789,5
8790,2
8791,4
8792,2
8793,2
8794,3
8795,5
8796,1
8797,5
8798,1
8799,5
8800,4
8801,3
8802,1
8803,5
8804,2
8805,1
8806,1
8807,4
8808,1
8809,3
8810,4
8811,5
8812,5
8813,2
8814,4
8815,4
8816,3
8817,2
8818,2
8819,1
8820,4
8821,5
8822,1
8823,1
8824,3
8825,5
8826,2
8827,4
8828,1
8829,3
8830,3
8831,5
8832,5
8833,2
8834,3
8835,4
8836,5
8837,1
8838,4
8839,4
8840,1
8841,1
8842,5
8843,2
8844,5
8845,2
8846,3
8847,5
8848,4
8849,3
8850,2
8851,5
8852,5
8853,4
8854,4
8855,1
8856,5
8857,3
8858,5
8859,1
8860,3
8861,3
8862,5
8863,4
8864,2
8865,5
8866,4
8867,4
8868,5
8869,4
8870,4
8871,3
8872,4
8873,5
8874,4
8875,3
8876,3
8877,3
8878,2
8879,2
8880,3
8881,1
8882,1
8883,4
8884,1
8885,5
8886,3
8887,1
8888,4
8889,3
8890,1
8891,3
8892,3
8893,5
8894,3
8895,3
8896,5
8897,1
8898,2
8899,4
8900,5
8901,3
8902,2
8903,4
8904,1
8905,5
8906,3
8907,4
8908,1
8909,3
8910,1
8911,2
8912,1
8913,5
8914,5
8915,4
8916,2
8917,5
8918,2
8919,3
8920,1
8921,5
8922,2
8923,5
8924,3
8925,4
8926,4
8927,3
8928,4
8929,1
8930,5
8931,4
8932,2
8933,1
8934,1
8935,3
8936,4
8937,5
8938,1
8939,2
8940,2
8941,1
8942,3
8943,3
8944,2
8945,5
8946,4
8947,4
8948,2
8949,1
8950,3
8951,2
8952,2
8953,2
8954,1
8955,3
8956,2
8957,1
8958,4
8959,3
8960,1
8961,1
8962,5
8963,5
8964,3
8965,1
8966,5
8967,4
8968,5
8969,4
8970,2
8971,1
8972,1
8973,1
8974,3
8975,2
8976,1
8977,3
8978,2
8979,4
8980,5
8981,5
8982,3
8983,1
8984,1
8985,5
8986,2
8987,2
8988,4
8989,1
8990,3
8991,1
8992,3
8993,1
8994,2
8995,4
8996,3
8997,3
8998,1
8999,3
9000,3
9001,4
9002,1
9003,5
9004,5
9005,2
9006,1
9007,5
9008,2
9009,3
9010,3
9011,4
9012,3
9013,5
9014,4
9015,3
9016,2
9017,4
9018,3
9019,2
9020,4
9021,2
9022,4
9023,3
9024,3
9025,3
9026,2
9027,1
9028,4
9029,1
9030,5
9031,4
9032,1
9033,2
9034,4
9035,5
9036,1
9037,2
9038,5
9039,4
9040,2
9041,5
9042,3
9043,3
9044,1
9045,4
9046,2
9047,3
9048,2
9049,2
9050,4
9051,3
9052,1
9053,4
9054,2
9055,1
9056,3
9057,3
9058,1
9059,3
9060,3
9061,4
9062,4
9063,2
9064,5
9065,5
9066,3
9067,3
9068,1
9069,5
9070,5
9071,2
9072,3
9073,1
9074,4
9075,1
9076,3
9077,4
9078,1
9079,2
9080,2
9081,4
9082,2
9083,3
9084,2
9085,1
9086,2
9087,3
9088,1
9089,5
9090,5
9091,5
9092,2
9093,2
9094,5
9095,4
9096,2
9097,4
9098,2
9099,5
9100,5
9101,5
9102,3
9103,3
9104,3
9105,5
9106,4
9107,5
9108,5
9109,3
9110,1
9111,1
9112,5
9113,1
9114,2
9115,1
9116,5
9117,4
9118,4
9119,5
9120,2
9121,1
9122,2
9123,4
9124,1
9125,1
9126,2
9127,4
9128,4
9129,3
9130,2
9131,3
9132,5
9133,4
9134,3
9135,4
9136,3
9137,5
9138,4
9139,5
9140,5
9141,1
9142,3
9143,3
9144,1
9145,3
9146,3
9147,3
9148,2
9149,2
9150,5
9151,3
9152,4
9153,5
9154,1
9155,3
9156,2
9157,3
9158,4
9159,3
9160,5
9161,2
9162,4
9163,5
9164,2
9165,5
9166,4
9167,4
9168,3
9169,3
9170,5
9171,3
9172,5
9173,4
9174,3
9175,2
9176,1
9177,1
9178,5
9179,4
9180,4
9181,2
9182,2
9183,4
9184,1
9185,2
9186,4
9187,3
9188,4
9189,2
9190,2
9191,3
9192,5
9193,2
9194,3
9195,5
9196,2
9197,1
9198,4
9199,1
9200,5
9201,4
9202,1
9203,2
9204,2
9205,1
9206,3
9207,5
9208,2
9209,3
9210,4
9211,2
9212,2
9213,2
9214,5
9215,4
9216,2
9217,5
9218,2
9219,4
9220,2
9221,3
9222,3
9223,2
9224,1
9225,4
9226,2
9227,3
9228,3
9229,3
9230,2
9231,5
9232,5
9233,2
9234,5
9235,3
9236,2
9237,2
9238,3
9239,5
9240,2
9241,4
9242,1
9243,5
9244,5
9245,3
9246,5
9247,3
9248,4
9249,5
9250,2
9251,4
9252,2
9253,1
9254,1
9255,4
9256,5
9257,2
9258,1
9259,3
9260,4
9261,3
9262,2
9263,1
9264,1
9265,2
9266,3
9267,2
9268,5
9269,5
9270,2
9271,5
9272,2
9273,4
9274,1
9275,4
9276,2
9277,4
9278,2
9279,4
9280,5
9281,1
9282,4
9283,2
9284,5
9285,1
9286,5
9287,1
9288,4
9289,3
9290,3
9291,4
9292,3
9293,1
9294,3
9295,1
9296,5
9297,3
9298,4
9299,1
9300,2
9301,4
9302,2
9303,2
9304,4
9305,2
9306,2
9307,3
9308,1
9309,5
9310,3
9311,5
9312,2
9313,5
9314,2
9315,2
9316,3
9317,4
9318,3
9319,1
9320,3
9321,1
9322,1
9323,3
9324,5
9325,5
9326,5
9327,1
9328,2
9329,1
9330,4
9331,5
9332,2
9333,1
9334,2
9335,2
9336,4
9337,3
9338,1
9339,1
9340,3
9341,5
9342,1
9343,3
9344,3
9345,2
9346,2
9347,4
9348,2
9349,3
9350,2
9351,2
9352,1
9353,3
9354,4
9355,4
9356,2
9357,3
9358,4
9359,4
9360,5
9361,5
9362,4
9363,4
9364,5
9365,2
9366,2
9367,5
9368,2
9369,2
9370,3
9371,4
9372,4
9373,2
9374,3
9375,5
9376,5
9377,3
9378,2
9379,1
9380,3
9381,1
9382,4
9383,5
9384,1
9385,1
9386,4
9387,3
9388,4
9389,3
9390,2
9391,1
9392,3
9393,3
9394,5
9395,4
9396,4
9397,3
9398,4
9399,5
9400,2
9401,3
9402,3
9403,3
9404,2
9405,4
9406,4
9407,2
9408,3
9409,1
9410,3
9411,2
9412,3
9413,2
9414,2
9415,4
9416,3
9417,1
9418,2
9419,1
9420,3
9421,3
9422,5
9423,4
9424,3
9425,5
9426,5
9427,2
9428,5
9429,4
9430,3
9431,5
9432,3
9433,3
9434,3
9435,1
9436,2
9437,3
9438,4
9439,3
9440,4
9441,5
9442,1
9443,5
9444,2
9445,5
9446,1
9447,1
9448,2
9449,3
9450,3
9451,4
9452,3
9453,5
9454,5
9455,4
9456,2
9457,1
9458,1
9459,2
9460,4
9461,1
9462,2
9463,3
9464,4
9465,3
9466,2
9467,2
9468,5
9469,1
9470,1
9471,4
9472,5
9473,1
9474,3
9475,1
9476,4
9477,3
9478,4
9479,4
9480,1
9481,5
9482,1
9483,1
9484,1
9485,4
9486,2
9487,2
9488,5
9489,5
9490,5
9491,1
9492,5
9493,5
9494,3
9495,3
9496,2
9497,3
9498,3
9499,4
9500,2
9501,5
9502,1
9503,3
9504,1
9505,1
9506,4
9507,3
9508,4
9509,3
9510,1
9511,5
9512,1
9513,5
9514,5
9515,1
9516,3
9517,1
9518,2
9519,1
9520,5
9521,1
9522,4
9523,1
9524,2
9525,3
9526,1
9527,3
9528,5
9529,1
9530,3
9531,4
9532,3
9533,2
9534,2
9535,2
9536,2
9537,2
9538,3
9539,2
9540,3
9541,5
9542,2
9543,5
9544,2
9545,1
9546,5
9547,5
9548,4
9549,5
9550,3
9551,5
9552,5
9553,1
9554,1
9555,5
9556,1
9557,4
9558,3
9559,3
9560,5
9561,1
9562,2
9563,5
9564,5
9565,4
9566,5
9567,5
9568,4
9569,3
9570,3
9571,1
9572,4
9573,5
9574,3
9575,1
9576,1
9577,5
9578,1
9579,5
9580,2
9581,4
9582,4
9583,3
9584,2
9585,1
9586,2
9587,2
9588,3
9589,5
9590,5
9591,5
9592,5
9593,4
9594,1
9595,4
9596,2
9597,1
9598,2
9599,3
9600,4
9601,4
9602,2
9603,4
9604,3
9605,1
9606,3
9607,3
9608,2
9609,2
9610,5
9611,5
9612,3
9613,3
9614,4
9615,5
9616,5
9617,2
9618,3
9619,4
9620,1
9621,2
9622,2
9623,5
9624,5
9625,1
9626,3
9627,3
9628,3
9629,3
9630,1
9631,5
9632,4
9633,5
9634,3
9635,3
9636,1
9637,4
9638,3
9639,3
9640,2
9641,2
9642,4
9643,5
9644,2
9645,1
9646,1
9647,2
9648,5
9649,5
9650,2
9651,3
9652,1
9653,3
9654,3
9655,5
9656,3
9657,1
9658,2
9659,5
9660,3
9661,5
9662,2
9663,5
9664,1
9665,5
9666,2
9667,5
9668,2
9669,5
9670,5
9671,5
9672,5
9673,2
9674,1
9675,4
9676,5
9677,4
9678,4
9679,4
9680,4
9681,5
9682,2
9683,4
9684,1
9685,4
9686,3
9687,5
9688,5
9689,1
9690,1
9691,2
9692,1
9693,1
9694,2
9695,2
9696,3
9697,3
9698,2
9699,5
9700,4
9701,1
9702,4
9703,4
9704,5
9705,4
9706,5
9707,2
9708,5
9709,2
9710,3
9711,4
9712,1
9713,1
9714,5
9715,4
9716,5
9717,1
9718,2
9719,3
9720,4
9721,1
9722,3
9723,2
9724,2
9725,4
9726,2
9727,3
9728,4
9729,2
9730,2
9731,2
9732,5
9733,4
9734,5
9735,1
9736,3
9737,5
9738,3
9739,3
9740,5
9741,1
9742,3
9743,3
9744,3
9745,4
9746,5
9747,5
9748,2
9749,5
9750,4
9751,1
9752,2
9753,3
9754,1
9755,1
9756,3
9757,2
9758,4
9759,5
9760,5
9761,1
9762,5
9763,1
9764,1
9765,2
9766,1
9767,2
9768,5
9769,1
9770,5
9771,4
9772,4
9773,1
9774,1
9775,5
9776,5
9777,5
9778,4
9779,2
9780,3
9781,2
9782,2
9783,2
9784,2
9785,1
9786,3
9787,3
9788,5
9789,5
9790,4
9791,2
9792,4
9793,2
9794,5
9795,2
9796,3
9797,5
9798,5
9799,3
9800,5
9801,4
9802,1
9803,3
9804,4
9805,3
9806,2
9807,5
9808,4
9809,2
9810,4
9811,3
9812,2
9813,2
9814,1
9815,2
9816,1
9817,5
9818,2
9819,2
9820,4
9821,3
9822,3
9823,5
9824,1
9825,2
9826,2
9827,2
9828,4
9829,2
9830,3
9831,3
9832,3
9833,2
9834,5
9835,3
9836,3
9837,2
9838,1
9839,3
9840,3
9841,2
9842,4
9843,3
9844,4
9845,3
9846,1
9847,2
9848,5
9849,3
9850,4
9851,5
9852,1
9853,5
9854,4
9855,1
9856,2
9857,3
9858,3
9859,5
9860,1
9861,5
9862,1
9863,2
9864,2
9865,5
9866,5
9867,1
9868,5
9869,1
9870,1
9871,2
9872,1
9873,2
9874,1
9875,1
9876,3
9877,5
9878,3
9879,3
9880,3
9881,4
9882,3
9883,2
9884,3
9885,5
9886,5
9887,3
9888,1
9889,5
9890,5
9891,3
9892,4
9893,3
9894,2
9895,3
9896,2
9897,4
9898,4
9899,3
9900,3
9901,3
9902,5
9903,1
9904,4
9905,1
9906,2
9907,3
9908,4
9909,2
9910,2
9911,3
9912,4
9913,4
9914,1
9915,2
9916,3
9917,4
9918,4
9919,1
9920,4
9921,3
9922,5
9923,1
9924,4
9925,3
9926,5
9927,3
9928,4
9929,3
9930,1
9931,2
9932,1
9933,2
9934,1
9935,2
9936,3
9937,2
9938,5
9939,3
9940,5
9941,1
9942,3
9943,4
9944,3
9945,3
9946,1
9947,1
9948,4
9949,2
9950,1
9951,2
9952,2
9953,2
9954,2
9955,4
9956,1
9957,3
9958,3
9959,3
9960,1
9961,4
9962,2
9963,2
9964,4
9965,4
9966,2
9967,4
9968,2
9969,2
9970,4
9971,5
9972,1
9973,4
9974,2
9975,2
9976,2
9977,5
9978,1
9979,1
9980,4
9981,3
9982,3
9983,5
9984,4
9985,3
9986,4
9987,1
9988,2
9989,5
9990,1
9991,4
9992,5
9993,1
9994,1
9995,2
9996,5
9997,2
9998,5
9999,4
10000,2
10001,4
10002,2
10003,4
10004,5
10005,1
10006,5
10007,2
10008,4
10009,5
10010,1
10011,2
10012,3
10013,3
10014,5
10015,3
10016,4
10017,2
10018,1
10019,1
10020,5
10021,1
10022,2
10023,4
10024,3
10025,3
10026,5
10027,2
10028,1
10029,2
10030,4
10031,1
10032,2
10033,1
10034,2
10035,2
10036,4
10037,1
10038,5
10039,5
10040,4
10041,5
10042,4
10043,5
10044,4
10045,3
10046,3
10047,2
10048,1
10049,3
10050,3
10051,4
10052,2
10053,1
10054,4
10055,2
10056,2
10057,4
10058,1
10059,1
10060,5
10061,4
10062,2
10063,1
10064,1
10065,2
10066,2
10067,4
10068,5
10069,2
10070,4
10071,4
10072,2
10073,5
10074,2
10075,3
10076,1
10077,1
10078,3
10079,4
10080,3
10081,2
10082,3
10083,2
10084,3
10085,3
10086,2
10087,5
10088,5
10089,4
10090,3
10091,1
10092,1
10093,5
10094,3
10095,5
10096,2
10097,5
10098,4
10099,1
10100,5
10101,1
10102,4
10103,5
10104,2
10105,3
10106,5
10107,4
10108,4
10109,5
10110,2
10111,2
10112,1
10113,3
10114,1
10115,4
10116,2
10117,4
10118,2
10119,5
10120,3
10121,4
10122,2
10123,5
10124,2
10125,2
10126,5
10127,4
10128,1
10129,5
10130,2
10131,3
10132,3
10133,2
10134,3
10135,3
10136,5
10137,1
10138,2
10139,3
10140,5
10141,1
10142,3
10143,3
10144,1
10145,2
10146,3
10147,4
10148,4
10149,5
10150,4
10151,5
10152,2
10153,1
10154,2
10155,2
10156,3
10157,5
10158,1
10159,1
10160,5
10161,2
10162,5
10163,2
10164,4
10165,2
10166,1
10167,5
10168,5
10169,2
10170,1
10171,1
10172,2
10173,2
10174,1
10175,1
10176,4
10177,4
10178,4
10179,5
10180,5
10181,3
10182,5
10183,5
10184,4
10185,5
10186,1
10187,2
10188,4
10189,1
10190,2
10191,2
10192,3
10193,1
10194,1
10195,3
10196,3
10197,2
10198,5
10199,2
10200,2
10201,1
10202,1
10203,1
10204,1
10205,5
10206,1
10207,1
10208,2
10209,1
10210,3
10211,3
10212,3
10213,5
10214,4
10215,4
10216,1
10217,2
10218,3
10219,4
10220,3
10221,1
10222,5
10223,1
10224,4
10225,3
10226,3
10227,3
10228,2
10229,5
10230,5
10231,5
10232,5
10233,3
10234,3
10235,3
10236,2
10237,5
10238,1
10239,5
10240,4
10241,3
10242,2
10243,2
10244,5
10245,3
10246,4
10247,4
10248,1
10249,5
10250,5
10251,3
10252,4
10253,1
10254,5
10255,1
10256,2
10257,2
10258,2
10259,2
10260,5
10261,1
10262,5
10263,3
10264,5
10265,5
10266,3
10267,3
10268,5
10269,4
10270,5
10271,1
10272,4
10273,2
10274,4
10275,1
10276,5
10277,5
10278,3
10279,4
10280,2
10281,3
10282,3
10283,4
10284,4
10285,3
10286,3
10287,1
10288,4
10289,3
10290,3
10291,1
10292,4
10293,1
10294,1
10295,4
10296,2
10297,1
10298,4
10299,2
10300,5
10301,3
10302,5
10303,5
10304,2
10305,2
10306,4
10307,5
10308,4
10309,2
10310,4
10311,5
10312,2
10313,2
10314,2
10315,3
10316,3
10317,5
10318,5
10319,3
10320,5
10321,2
10322,2
10323,4
10324,2
10325,2
10326,2
10327,5
10328,1
10329,4
10330,2
10331,5
10332,3
10333,1
10334,1
10335,1
10336,3
10337,4
10338,4
10339,2
10340,2
10341,2
10342,4
10343,4
10344,2
10345,1
10346,3
10347,1
10348,5
10349,5
10350,3
10351,4
10352,5
10353,5
10354,1
10355,3
10356,4
10357,4
10358,3
10359,2
10360,3
10361,2
10362,5
10363,1
10364,4
10365,3
10366,4
10367,2
10368,3
10369,3
10370,5
10371,2
10372,4
10373,2
10374,1
10375,3
10376,2
10377,3
10378,2
10379,1
10380,1
10381,3
10382,1
10383,3
10384,1
10385,2
10386,2
10387,2
10388,5
10389,2
10390,1
10391,3
10392,3
10393,1
10394,3
10395,5
10396,5
10397,3
10398,5
10399,3
10400,2
10401,4
10402,3
10403,2
10404,5
10405,1
10406,1
10407,3
10408,1
10409,3
10410,5
10411,1
10412,4
10413,2
10414,2
10415,2
10416,2
10417,1
10418,5
10419,3
10420,4
10421,1
10422,5
10423,5
10424,1
10425,1
10426,4
10427,2
10428,2
10429,5
10430,3
10431,5
10432,3
10433,1
10434,2
10435,2
10436,3
10437,3
10438,3
10439,2
10440,1
10441,5
10442,5
10443,5
10444,3
10445,4
10446,1
10447,1
10448,1
10449,1
10450,1
10451,1
10452,2
10453,5
10454,5
10455,4
10456,1
10457,5
10458,2
10459,2
10460,3
10461,1
10462,5
10463,1
10464,2
10465,2
10466,3
10467,3
10468,4
10469,3
10470,5
10471,1
10472,5
10473,3
10474,1
10475,1
10476,4
10477,5
10478,5
10479,5
10480,2
10481,4
10482,1
10483,3
10484,4
10485,5
10486,3
10487,1
10488,1
10489,3
10490,5
10491,4
10492,2
10493,4
10494,3
10495,3
10496,3
10497,4
10498,1
10499,5
10500,4
10501,5
10502,2
10503,3
10504,1
10505,2
10506,5
10507,1
10508,1
10509,4
10510,5
10511,3
10512,3
10513,4
10514,5
10515,5
10516,1
10517,2
10518,1
10519,3
10520,1
10521,2
10522,2
10523,4
10524,1
10525,5
10526,3
10527,5
10528,2
10529,4
10530,5
10531,4
10532,3
10533,2
10534,1
10535,4
10536,1
10537,2
10538,3
10539,2
10540,4
10541,2
10542,4
10543,5
10544,3
10545,5
10546,1
10547,3
10548,5
10549,2
10550,3
10551,2
10552,2
10553,4
10554,2
10555,2
10556,2
10557,4
10558,2
10559,5
10560,5
10561,5
10562,5
10563,5
10564,4
10565,5
10566,3
10567,5
10568,2
10569,2
10570,5
10571,4
10572,3
10573,1
10574,2
10575,3
10576,1
10577,3
10578,2
10579,1
10580,4
10581,2
10582,1
10583,5
10584,4
10585,4
10586,2
10587,1
10588,1
10589,3
10590,1
10591,5
10592,4
10593,2
10594,4
10595,1
10596,5
10597,5
10598,3
10599,5
10600,1
10601,4
10602,5
10603,4
10604,2
10605,1
10606,5
10607,1
10608,4
10609,1
10610,3
10611,3
10612,1
10613,2
10614,5
10615,4
10616,5
10617,2
10618,2
10619,1
10620,3
10621,3
10622,5
10623,5
10624,4
10625,4
10626,2
10627,4
10628,1
10629,2
10630,1
10631,3
10632,3
10633,1
10634,3
10635,4
10636,3
10637,2
10638,5
10639,3
10640,1
10641,4
10642,5
10643,4
10644,5
10645,3
10646,3
10647,4
10648,4
10649,4
10650,5
10651,5
10652,3
10653,2
10654,5
10655,1
10656,3
10657,3
10658,2
10659,3
10660,4
10661,4
10662,3
10663,4
10664,4
10665,5
10666,2
10667,4
10668,1
10669,3
10670,4
10671,4
10672,3
10673,4
10674,5
10675,4
10676,2
10677,1
10678,4
10679,3
10680,3
10681,3
10682,1
10683,5
10684,5
10685,1
10686,3
10687,1
10688,5
10689,1
10690,4
10691,1
10692,4
10693,2
10694,3
10695,3
10696,4
10697,4
10698,4
10699,1
10700,3
10701,4
10702,1
10703,3
10704,4
10705,5
10706,3
10707,5
10708,5
10709,2
10710,4
10711,4
10712,2
10713,3
10714,2
10715,1
10716,2
10717,4
10718,4
10719,2
10720,1
10721,3
10722,3
10723,2
10724,3
10725,1
10726,3
10727,5
10728,4
10729,5
10730,2
10731,5
10732,1
10733,4
10734,1
10735,3
10736,3
10737,1
10738,1
10739,2
10740,4
10741,1
10742,2
10743,5
10744,2
10745,1
10746,5
10747,1
10748,4
10749,3
10750,2
10751,5
10752,4
10753,5
10754,2
10755,5
10756,1
10757,3
10758,2
10759,5
10760,4
10761,3
10762,4
10763,1
10764,4
10765,3
10766,2
10767,1
10768,3
10769,1
10770,3
10771,4
10772,5
10773,4
10774,1
10775,4
10776,3
10777,3
10778,1
10779,2
10780,1
10781,4
10782,1
10783,2
10784,1
10785,2
10786,3
10787,3
10788,4
10789,1
10790,5
10791,5
10792,5
10793,3
10794,3
10795,2
10796,5
10797,5
10798,2
10799,5
10800,4
10801,1
10802,1
10803,1
10804,5
10805,5
10806,5
10807,2
10808,5
10809,2
10810,5
10811,5
10812,4
10813,2
10814,3
10815,3
10816,4
10817,3
10818,4
10819,3
10820,1
10821,4
10822,1
10823,2
10824,1
10825,3
10826,4
10827,2
10828,2
10829,4
10830,5
10831,4
10832,5
10833,4
10834,3
10835,1
10836,5
10837,4
10838,5
10839,2
10840,1
10841,1
10842,1
10843,3
10844,3
10845,1
10846,3
10847,1
10848,1
10849,3
10850,2
10851,2
10852,2
10853,3
10854,5
10855,2
10856,3
10857,2
10858,4
10859,3
10860,5
10861,5
10862,2
10863,2
10864,1
10865,2
10866,4
10867,2
10868,4
10869,1
10870,5
10871,5
10872,4
10873,2
10874,3
10875,2
10876,1
10877,4
10878,2
10879,1
10880,1
10881,4
10882,3
10883,3
10884,1
10885,1
10886,2
10887,5
10888,4
10889,2
10890,3
10891,1
10892,1
10893,1
10894,4
10895,5
10896,2
10897,4
10898,4
10899,4
10900,1
10901,5
10902,3
10903,3
10904,1
10905,3
10906,2
10907,2
10908,3
10909,2
10910,2
10911,4
10912,3
10913,1
10914,5
10915,5
10916,3
10917,3
10918,2
10919,2
10920,2
10921,4
10922,2
10923,1
10924,4
10925,4
10926,3
10927,2
10928,2
10929,3
10930,4
10931,4
10932,3
10933,2
10934,3
10935,4
10936,2
10937,4
10938,3
10939,3
10940,1
10941,2
10942,1
10943,4
10944,1
10945,5
10946,1
10947,4
10948,3
10949,2
10950,3
10951,5
10952,4
10953,2
10954,3
10955,3
10956,1
10957,4
10958,5
10959,4
10960,4
10961,4
10962,5
10963,2
10964,3
10965,4
10966,4
10967,5
10968,2
10969,3
10970,5
10971,4
10972,5
10973,5
10974,2
10975,4
10976,5
10977,3
10978,5
10979,4
10980,5
10981,4
10982,1
10983,4
10984,1
10985,3
10986,5
10987,3
10988,1
10989,5
10990,4
10991,4
10992,2
10993,5
10994,5
10995,1
10996,5
10997,4
10998,3
10999,2
11000,3
11001,4
11002,2
11003,2
11004,3
11005,4
11006,4
11007,1
11008,2
11009,3
11010,4
11011,2
11012,3
11013,1
11014,1
11015,3
11016,4
11017,5
11018,5
11019,4
11020,1
11021,4
11022,2
11023,5
11024,1
11025,3
11026,1
11027,2
11028,3
11029,3
11030,4
11031,1
11032,5
11033,4
11034,3
11035,1
11036,4
11037,1
11038,5
11039,1
11040,5
11041,5
11042,2
11043,4
11044,5
11045,1
11046,3
11047,2
11048,2
11049,4
11050,1
11051,4
11052,1
11053,3
11054,4
11055,2
11056,2
11057,4
11058,1
11059,5
11060,4
11061,3
11062,3
11063,3
11064,2
11065,2
11066,2
11067,1
11068,4
11069,4
11070,5
11071,5
11072,5
11073,2
11074,5
11075,1
11076,2
11077,2
11078,4
11079,4
11080,3
11081,3
11082,1
11083,2
11084,1
11085,3
11086,5
11087,4
11088,4
11089,4
11090,1
11091,5
11092,4
11093,2
11094,5
11095,1
11096,1
11097,4
11098,1
11099,4
11100,3
11101,1
11102,3
11103,5
11104,5
11105,2
11106,1
11107,2
11108,4
11109,2
11110,5
11111,5
11112,2
11113,5
11114,1
11115,3
11116,1
11117,2
11118,2
11119,4
11120,5
11121,2
11122,4
11123,4
11124,2
11125,1
11126,2
11127,3
11128,4
11129,3
11130,2
11131,3
11132,3
11133,4
11134,4
11135,5
11136,3
11137,2
11138,1
11139,3
11140,5
11141,4
11142,5
11143,1
11144,3
11145,2
11146,3
11147,1
11148,1
11149,5
11150,5
11151,5
11152,2
11153,1
11154,5
11155,1
11156,2
11157,5
11158,3
11159,2
11160,3
11161,2
11162,3
11163,2
11164,3
11165,1
11166,1
11167,2
11168,5
11169,1
11170,5
11171,4
11172,3
11173,3
11174,1
11175,1
11176,5
11177,3
11178,1
11179,1
11180,5
11181,4
11182,4
11183,4
11184,5
11185,1
11186,5
11187,1
11188,2
11189,4
11190,1
11191,2
11192,1
11193,2
11194,4
11195,3
11196,2
11197,2
11198,4
11199,4
11200,2
11201,4
11202,5
11203,2
11204,2
11205,2
11206,1
11207,1
11208,4
11209,2
11210,1
11211,2
11212,3
11213,3
11214,3
11215,3
11216,5
11217,4
11218,1
11219,5
11220,5
11221,2
11222,1
11223,2
11224,1
11225,4
11226,4
11227,3
11228,3
11229,1
11230,5
11231,3
11232,4
11233,3
11234,1
11235,3
11236,1
11237,1
11238,1
11239,3
11240,4
11241,4
11242,2
11243,5
11244,4
11245,4
11246,2
11247,1
11248,2
11249,3
11250,1
11251,5
11252,5
11253,3
11254,3
11255,2
11256,2
11257,4
11258,2
11259,4
11260,4
11261,4
11262,3
11263,4
11264,1
11265,1
11266,5
11267,3
11268,2
11269,4
11270,4
11271,3
11272,2
11273,2
11274,5
11275,5
11276,3
11277,3
11278,1
11279,2
11280,2
11281,4
11282,1
11283,4
11284,1
11285,3
11286,3
11287,3
11288,1
11289,2
11290,1
11291,2
11292,3
11293,1
11294,2
11295,3
11296,1
11297,2
11298,5
11299,4
11300,4
11301,3
11302,2
11303,1
11304,4
11305,2
11306,3
11307,3
11308,5
11309,4
11310,4
11311,2
11312,1
11313,5
11314,4
11315,3
11316,4
11317,1
11318,2
11319,2
11320,4
11321,1
11322,5
11323,1
11324,3
11325,2
11326,1
11327,5
11328,4
11329,3
11330,5
11331,1
11332,2
11333,3
11334,2
11335,5
11336,1
11337,5
11338,4
11339,5
11340,4
11341,4
11342,2
11343,1
11344,1
11345,5
11346,1
11347,2
11348,4
11349,5
11350,4
11351,3
11352,1
11353,3
11354,5
11355,3
11356,2
11357,3
11358,4
11359,1
11360,5
11361,1
11362,2
11363,2
11364,3
11365,2
11366,5
11367,5
11368,4
11369,1
11370,1
11371,3
11372,2
11373,5
11374,1
11375,2
11376,4
11377,4
11378,3
11379,5
11380,5
11381,1
11382,2
11383,3
11384,3
11385,5
11386,1
11387,1
11388,2
11389,1
11390,4
11391,2
11392,2
11393,1
11394,5
11395,3
11396,4
11397,2
11398,1
11399,4
11400,1
11401,1
11402,1
11403,5
11404,2
11405,4
11406,4
11407,3
11408,4
11409,2
11410,1
11411,5
11412,2
11413,2
11414,3
11415,2
11416,3
11417,4
11418,4
11419,1
11420,4
11421,3
11422,2
11423,1
11424,1
11425,1
11426,1
11427,4
11428,3
11429,3
11430,1
11431,1
11432,5
11433,1
11434,3
11435,4
11436,4
11437,3
11438,2
11439,5
11440,4
11441,4
11442,4
11443,5
11444,5
11445,2
11446,2
11447,3
11448,2
11449,2
11450,5
11451,4
11452,2
11453,1
11454,2
11455,1
11456,2
11457,5
11458,5
11459,2
11460,4
11461,5
11462,5
11463,2
11464,1
11465,3
11466,2
11467,1
11468,3
11469,2
11470,3
11471,4
11472,3
11473,4
11474,3
11475,1
11476,1
11477,1
11478,1
11479,2
11480,1
11481,4
11482,3
11483,4
11484,3
11485,2
11486,3
11487,2
11488,3
11489,4
11490,2
11491,1
11492,5
11493,2
11494,5
11495,4
11496,2
11497,5
11498,2
11499,5
11500,3
11501,2
11502,3
11503,3
11504,5
11505,2
11506,3
11507,3
11508,5
11509,1
11510,2
11511,3
11512,2
11513,2
11514,5
11515,3
11516,2
11517,3
11518,4
11519,4
11520,5
11521,1
11522,4
11523,5
11524,2
11525,2
11526,1
11527,1
11528,5
11529,3
11530,5
11531,2
11532,2
11533,4
11534,4
11535,2
11536,4
11537,3
11538,5
11539,3
11540,5
11541,3
11542,1
11543,4
11544,3
11545,4
11546,2
11547,2
11548,4
11549,2
11550,1
11551,4
11552,1
11553,2
11554,3
11555,1
11556,2
11557,2
11558,2
11559,4
11560,2
11561,5
11562,4
11563,3
11564,2
11565,1
11566,2
11567,4
11568,2
11569,4
11570,4
11571,5
11572,1
11573,4
11574,2
11575,2
11576,2
11577,2
11578,2
11579,4
11580,4
11581,2
11582,2
11583,1
11584,2
11585,3
11586,1
11587,5
11588,3
11589,3
11590,3
11591,2
11592,1
11593,3
11594,3
11595,4
11596,4
11597,3
11598,3
11599,1
11600,2
11601,5
11602,5
11603,1
11604,1
11605,3
11606,4
11607,5
11608,3
11609,5
11610,2
11611,1
11612,2
11613,5
11614,5
11615,2
11616,4
11617,1
11618,3
11619,5
11620,2
11621,1
11622,1
11623,1
11624,1
11625,4
11626,4
11627,2
11628,4
11629,1
11630,1
11631,4
11632,4
11633,3
11634,4
11635,5
11636,4
11637,1
11638,4
11639,4
11640,2
11641,5
11642,2
11643,5
11644,1
11645,5
11646,5
11647,4
11648,5
11649,5
11650,5
11651,1
11652,3
11653,2
11654,5
11655,3
11656,1
11657,1
11658,3
11659,2
11660,2
11661,5
11662,5
11663,3
11664,2
11665,5
11666,3
11667,4
11668,3
11669,2
11670,2
11671,3
11672,4
11673,2
11674,5
11675,1
11676,1
11677,2
11678,5
11679,4
11680,5
11681,1
11682,3
11683,4
11684,5
11685,1
11686,5
11687,4
11688,1
11689,5
11690,3
11691,5
11692,3
11693,5
11694,1
11695,2
11696,4
11697,1
11698,1
11699,5
11700,3
11701,4
11702,2
11703,1
11704,2
11705,1
11706,2
11707,2
11708,1
11709,3
11710,5
11711,2
11712,4
11713,2
11714,5
11715,1
11716,4
11717,5
11718,2
11719,4
11720,3
11721,2
11722,3
11723,1
11724,4
11725,4
11726,3
11727,1
11728,3
11729,4
11730,3
11731,4
11732,1
11733,2
11734,4
11735,1
11736,3
11737,2
11738,5
11739,4
11740,5
11741,1
11742,5
11743,5
11744,1
11745,5
11746,5
11747,3
11748,3
11749,1
11750,1
11751,5
11752,2
11753,3
11754,2
11755,3
11756,5
11757,5
11758,2
11759,4
11760,4
11761,5
11762,4
11763,2
11764,2
11765,4
11766,4
11767,5
11768,5
11769,1
11770,1
11771,4
11772,2
11773,3
11774,1
11775,2
11776,3
11777,2
11778,4
11779,4
11780,2
11781,4
11782,5
11783,5
11784,2
11785,5
11786,5
11787,1
11788,4
11789,1
11790,4
11791,5
11792,1
11793,4
11794,3
11795,4
11796,1
11797,3
11798,5
11799,2
11800,4
11801,2
11802,5
11803,5
11804,2
11805,1
11806,5
11807,4
11808,4
11809,4
11810,4
11811,3
11812,2
11813,2
11814,4
11815,5
11816,3
11817,5
11818,2
11819,2
11820,4
11821,3
11822,2
11823,5
11824,1
11825,2
11826,5
11827,4
11828,1
11829,1
11830,3
11831,5
11832,4
11833,3
11834,1
11835,2
11836,2
11837,3
11838,2
11839,3
11840,2
11841,4
11842,4
11843,3
11844,1
11845,3
11846,2
11847,3
11848,5
11849,1
11850,3
11851,4
11852,2
11853,2
11854,4
11855,2
11856,4
11857,2
11858,3
11859,5
11860,1
11861,5
11862,4
11863,5
11864,5
11865,5
11866,3
11867,5
11868,2
11869,5
11870,3
11871,4
11872,2
11873,4
11874,3
11875,5
11876,2
11877,4
11878,5
11879,4
11880,2
11881,1
11882,4
11883,3
11884,4
11885,5
11886,3
11887,2
11888,2
11889,2
11890,3
11891,4
11892,4
11893,5
11894,5
11895,4
11896,2
11897,4
11898,5
11899,4
11900,5
11901,4
11902,4
11903,4
11904,2
11905,4
11906,1
11907,5
11908,4
11909,5
11910,2
11911,4
11912,2
11913,5
11914,3
11915,2
11916,1
11917,5
11918,3
11919,2
11920,3
11921,5
11922,4
11923,3
11924,1
11925,1
11926,5
11927,1
11928,1
11929,1
11930,3
11931,5
11932,2
11933,5
11934,2
11935,4
11936,4
11937,3
11938,1
11939,2
11940,2
11941,4
11942,3
11943,1
11944,5
11945,1
11946,4
11947,3
11948,5
11949,2
11950,2
11951,4
11952,5
11953,4
11954,4
11955,4
11956,5
11957,5
11958,1
11959,3
11960,3
11961,2
11962,3
11963,1
11964,4
11965,3
11966,5
11967,5
11968,4
11969,1
11970,5
11971,3
11972,1
11973,3
11974,4
11975,5
11976,2
11977,5
11978,5
11979,2
11980,5
11981,3
11982,3
11983,3
11984,1
11985,4
11986,3
11987,5
11988,5
11989,3
11990,3
11991,2
11992,5
11993,3
11994,2
11995,4
11996,1
11997,5
11998,1
11999,4
12000,1
12001,3
12002,5
12003,1
12004,4
12005,3
12006,2
12007,4
12008,5
12009,2
12010,1
12011,2
12012,2
12013,4
12014,3
12015,2
12016,4
12017,2
12018,2
12019,4
12020,1
12021,2
12022,2
12023,2
12024,3
12025,5
12026,3
12027,4
12028,4
12029,5
12030,2
12031,4
12032,2
12033,2
12034,3
12035,4
12036,1
12037,5
12038,2
12039,3
12040,5
12041,5
12042,1
12043,5
12044,3
12045,1
12046,2
12047,2
12048,1
12049,5
12050,4
12051,3
12052,1
12053,1
12054,3
12055,2
12056,4
12057,2
12058,4
12059,3
12060,2
12061,3
12062,5
12063,5
12064,1
12065,2
12066,5
12067,1
12068,5
12069,1
12070,3
12071,1
12072,5
12073,2
12074,3
12075,2
12076,5
12077,4
12078,2
12079,1
12080,3
12081,3
12082,1
12083,2
12084,1
12085,2
12086,4
12087,1
12088,1
12089,1
12090,5
12091,2
12092,3
12093,3
12094,3
12095,3
12096,2
12097,4
12098,4
12099,1
12100,1
12101,1
12102,1
12103,2
12104,4
12105,3
12106,1
12107,3
12108,2
12109,2
12110,3
12111,3
12112,1
12113,4
12114,2
12115,3
12116,1
12117,4
12118,2
12119,4
12120,4
12121,5
12122,4
12123,4
12124,3
12125,4
12126,5
12127,3
12128,3
12129,2
12130,4
12131,2
12132,3
12133,1
12134,5
12135,4
12136,4
12137,4
12138,3
12139,3
12140,5
12141,4
12142,3
12143,3
12144,4
12145,4
12146,1
12147,3
12148,2
12149,5
12150,3
12151,4
12152,5
12153,4
12154,3
12155,4
12156,2
12157,5
12158,3
12159,4
12160,2
12161,5
12162,3
12163,4
12164,2
12165,3
12166,4
12167,4
12168,5
12169,4
12170,2
12171,4
12172,5
12173,3
12174,3
12175,3
12176,1
12177,3
12178,4
12179,3
12180,3
12181,1
12182,3
12183,1
12184,2
12185,2
12186,3
12187,3
12188,5
12189,5
12190,4
12191,3
12192,3
12193,2
12194,4
12195,4
12196,1
12197,3
12198,4
12199,2
12200,5
12201,2
12202,5
12203,1
12204,1
12205,1
12206,1
12207,4
12208,1
12209,4
12210,5
12211,3
12212,5
12213,3
12214,4
12215,1
12216,1
12217,5
12218,4
12219,5
12220,5
12221,3
12222,5
12223,3
12224,3
12225,4
12226,2
12227,3
12228,1
12229,2
12230,4
12231,2
12232,3
12233,2
12234,4
12235,2
12236,5
12237,5
12238,2
12239,1
12240,1
12241,1
12242,2
12243,1
12244,2
12245,3
12246,3
12247,3
12248,2
12249,3
12250,5
12251,2
12252,4
12253,3
12254,1
12255,4
12256,2
12257,4
12258,1
12259,4
12260,1
12261,4
12262,2
12263,2
12264,5
12265,1
12266,3
12267,5
12268,2
12269,1
12270,2
12271,4
12272,2
12273,1
12274,5
12275,3
12276,1
12277,1
12278,4
12279,5
12280,1
12281,1
12282,4
12283,2
12284,3
12285,5
12286,2
12287,2
12288,1
12289,5
12290,2
12291,3
12292,3
12293,1
12294,5
12295,5
12296,3
12297,1
12298,1
12299,4
12300,5
12301,2
12302,4
12303,4
12304,4
12305,4
12306,4
12307,5
12308,3
12309,5
12310,1
12311,2
12312,3
12313,4
12314,3
12315,5
12316,5
12317,4
12318,1
12319,4
12320,2
12321,5
12322,1
12323,1
12324,2
12325,4
12326,5
12327,3
12328,5
12329,4
12330,1
12331,4
12332,5
12333,3
12334,1
12335,5
12336,5
12337,5
12338,2
12339,5
12340,2
12341,5
12342,3
12343,1
12344,3
12345,1
12346,5
12347,3
12348,2
12349,4
12350,5
12351,4
12352,2
12353,1
12354,5
12355,5
12356,1
12357,3
12358,1
12359,5
12360,4
12361,4
12362,5
12363,2
12364,4
12365,3
12366,4
12367,3
12368,1
12369,2
12370,3
12371,3
12372,3
12373,3
12374,5
12375,2
12376,1
12377,5
12378,3
12379,1
12380,2
12381,3
12382,2
12383,5
12384,3
12385,4
12386,5
12387,5
12388,1
12389,2
12390,1
12391,3
12392,3
12393,1
12394,1
12395,3
12396,2
12397,4
12398,4
12399,1
12400,4
12401,4
12402,4
12403,5
12404,2
12405,4
12406,2
12407,4
12408,4
12409,1
12410,3
12411,3
12412,4
12413,5
12414,2
12415,4
12416,4
12417,4
12418,1
12419,2
12420,2
12421,4
12422,1
12423,1
12424,2
12425,5
12426,2
12427,1
12428,1
12429,1
12430,3
12431,5
12432,4
12433,2
12434,4
12435,2
12436,1
12437,4
12438,1
12439,5
12440,5
12441,4
12442,2
12443,3
12444,4
12445,3
12446,4
12447,2
12448,5
12449,2
12450,4
12451,4
12452,2
12453,4
12454,1
12455,2
12456,4
12457,1
12458,4
12459,3
12460,1
12461,2
12462,1
12463,1
12464,5
12465,2
12466,3
12467,3
12468,4
12469,3
12470,5
12471,2
12472,2
12473,3
12474,3
12475,5
12476,2
12477,3
12478,1
12479,2
12480,1
12481,2
12482,4
12483,1
12484,1
12485,4
12486,1
12487,3
12488,3
12489,3
12490,2
12491,4
12492,4
12493,1
12494,2
12495,3
12496,4
12497,2
12498,1
12499,5
12500,3
12501,3
12502,4
12503,4
12504,2
12505,1
12506,5
12507,4
12508,2
12509,1
12510,4
12511,2
12512,1
12513,3
12514,5
12515,1
12516,1
12517,1
12518,3
12519,1
12520,3
12521,3
12522,5
12523,5
12524,1
12525,5
12526,1
12527,1
12528,2
12529,4
12530,1
12531,4
12532,5
12533,4
12534,2
12535,1
12536,4
12537,2
12538,2
12539,1
12540,5
12541,4
12542,5
12543,1
12544,1
12545,2
12546,2
12547,1
12548,2
12549,3
12550,5
12551,1
12552,2
12553,4
12554,5
12555,4
12556,5
12557,1
12558,1
12559,2
12560,1
12561,4
12562,3
12563,3
12564,4
12565,5
12566,2
12567,1
12568,5
12569,5
12570,4
12571,3
12572,3
12573,5
12574,3
12575,1
12576,2
12577,1
12578,5
12579,3
12580,4
12581,4
12582,2
12583,5
12584,3
12585,1
12586,4
12587,5
12588,4
12589,4
12590,2
12591,4
12592,2
12593,5
12594,4
12595,2
12596,5
12597,1
12598,4
12599,3
12600,4
12601,2
12602,1
12603,4
12604,4
12605,1
12606,5
12607,1
12608,3
12609,2
12610,3
12611,4
12612,2
12613,3
12614,5
12615,1
12616,5
12617,3
12618,2
12619,5
12620,3
12621,4
12622,5
12623,2
12624,4
12625,4
12626,2
12627,2
12628,3
12629,1
12630,5
12631,1
12632,3
12633,3
12634,1
12635,3
12636,3
12637,5
12638,5
12639,2
12640,2
12641,2
12642,1
12643,4
12644,1
12645,3
12646,1
12647,4
12648,5
12649,3
12650,3
12651,2
12652,4
12653,2
12654,3
12655,5
12656,1
12657,5
12658,5
12659,2
12660,5
12661,1
12662,3
12663,3
12664,4
12665,4
12666,2
12667,4
12668,1
12669,2
12670,4
12671,1
12672,3
12673,5
12674,4
12675,5
12676,4
12677,5
12678,3
12679,2
12680,3
12681,3
12682,1
12683,1
12684,2
12685,3
12686,2
12687,1
12688,3
12689,2
12690,5
12691,1
12692,1
12693,4
12694,4
12695,1
12696,1
12697,4
12698,1
12699,5
12700,4
12701,3
12702,4
12703,2
12704,4
12705,2
12706,3
12707,1
12708,1
12709,1
12710,1
12711,5
12712,3
12713,5
12714,2
12715,5
12716,1
12717,2
12718,2
12719,1
12720,2
12721,3
12722,1
12723,3
12724,2
12725,1
12726,4
12727,5
12728,5
12729,1
12730,4
12731,1
12732,1
12733,4
12734,1
12735,2
12736,2
12737,2
12738,1
12739,5
12740,1
12741,4
12742,4
12743,4
12744,2
12745,4
12746,3
12747,3
12748,4
12749,5
12750,1
12751,3
12752,5
12753,1
12754,5
12755,5
12756,1
12757,4
12758,3
12759,4
12760,5
12761,1
12762,2
12763,4
12764,2
12765,2
12766,3
12767,5
12768,5
12769,5
12770,5
12771,4
12772,2
12773,4
12774,4
12775,4
12776,4
12777,4
12778,5
12779,1
12780,2
12781,3
12782,3
12783,1
12784,3
12785,1
12786,3
12787,2
12788,4
12789,3
12790,2
12791,3
12792,2
12793,2
12794,2
12795,4
12796,3
12797,3
12798,4
12799,2
12800,3
12801,4
12802,2
12803,3
12804,1
12805,1
12806,5
12807,4
12808,3
12809,5
12810,3
12811,4
12812,1
12813,2
12814,5
12815,3
12816,2
12817,5
12818,3
12819,1
12820,4
12821,4
12822,5
12823,2
12824,5
12825,3
12826,4
12827,4
12828,1
12829,2
12830,1
12831,2
12832,4
12833,1
12834,5
12835,2
12836,3
12837,1
12838,3
12839,2
12840,5
12841,1
12842,3
12843,3
12844,3
12845,3
12846,2
12847,1
12848,5
12849,3
12850,4
12851,1
12852,5
12853,1
12854,5
12855,1
12856,2
12857,4
12858,3
12859,3
12860,1
12861,5
12862,2
12863,2
12864,1
12865,4
12866,3
12867,4
12868,1
12869,5
12870,1
12871,4
12872,1
12873,5
12874,4
12875,5
12876,1
12877,1
12878,2
12879,3
12880,3
12881,1
12882,3
12883,5
12884,1
12885,2
12886,4
12887,4
12888,4
12889,2
12890,1
12891,2
12892,1
12893,2
12894,2
12895,3
12896,2
12897,4
12898,4
12899,3
12900,1
12901,2
12902,4
12903,3
12904,5
12905,2
12906,1
12907,4
12908,3
12909,3
12910,4
12911,3
12912,2
12913,2
12914,5
12915,4
12916,2
12917,1
12918,4
12919,1
12920,1
12921,3
12922,3
12923,4
12924,4
12925,2
12926,2
12927,4
12928,5
12929,3
12930,2
12931,3
12932,3
12933,5
12934,3
12935,3
12936,3
12937,3
12938,1
12939,4
12940,5
12941,1
12942,2
12943,5
12944,1
12945,3
12946,1
12947,4
12948,2
12949,3
12950,3
12951,4
12952,5
12953,3
12954,4
12955,2
12956,3
12957,3
12958,5
12959,4
12960,1
12961,4
12962,4
12963,3
12964,5
12965,3
12966,5
12967,2
12968,3
12969,1
12970,2
12971,3
12972,4
12973,2
12974,5
12975,4
12976,5
12977,4
12978,3
12979,2
12980,5
12981,2
12982,1
12983,4
12984,3
12985,3
12986,4
12987,5
12988,3
12989,5
12990,3
12991,5
12992,2
12993,2
12994,4
12995,1
12996,1
12997,4
12998,1
12999,5
13000,1
13001,2
13002,4
13003,4
13004,5
13005,4
13006,5
13007,1
13008,5
13009,1
13010,5
13011,2
13012,3
13013,5
13014,1
13015,3
13016,1
13017,3
13018,1
13019,2
13020,4
13021,5
13022,3
13023,2
13024,3
13025,2
13026,5
13027,5
13028,3
13029,4
13030,1
13031,5
13032,1
13033,2
13034,3
13035,1
13036,5
13037,4
13038,4
13039,2
13040,2
13041,4
13042,4
13043,2
13044,4
13045,4
13046,4
13047,4
13048,1
13049,3
13050,1
13051,3
13052,4
13053,3
13054,5
13055,2
13056,4
13057,3
13058,2
13059,3
13060,1
13061,1
13062,1
13063,1
13064,5
13065,3
13066,2
13067,3
13068,3
13069,4
13070,2
13071,2
13072,1
13073,2
13074,4
13075,1
13076,2
13077,4
13078,4
13079,3
13080,1
13081,3
13082,2
13083,5
13084,3
13085,1
13086,1
13087,4
13088,3
13089,4
13090,1
13091,2
13092,2
13093,5
13094,1
13095,2
13096,2
13097,3
13098,3
13099,4
13100,1
13101,1
13102,1
13103,1
13104,2
13105,3
13106,4
13107,4
13108,4
13109,2
13110,4
13111,3
13112,5
13113,1
13114,1
13115,5
13116,2
13117,2
13118,2
13119,4
13120,1
13121,2
13122,5
13123,4
13124,1
13125,3
13126,2
13127,1
13128,3
13129,1
13130,3
13131,4
13132,2
13133,4
13134,2
13135,1
13136,5
13137,4
13138,5
13139,5
13140,4
13141,2
13142,4
13143,2
13144,2
13145,1
13146,5
13147,1
13148,1
13149,4
13150,1
13151,4
13152,4
13153,5
13154,5
13155,4
13156,5
13157,1
13158,4
13159,4
13160,1
13161,1
13162,5
13163,4
13164,2
13165,2
13166,2
13167,5
13168,2
13169,4
13170,2
13171,1
13172,3
13173,3
13174,1
13175,1
13176,2
13177,3
13178,4
13179,3
13180,2
13181,1
13182,1
13183,1
13184,1
13185,4
13186,4
13187,3
13188,1
13189,3
13190,5
13191,5
13192,5
13193,5
13194,1
13195,4
13196,4
13197,3
13198,3
13199,1
13200,1
13201,4
13202,2
13203,2
13204,3
13205,5
13206,1
13207,4
13208,1
13209,4
13210,3
13211,3
13212,4
13213,2
13214,1
13215,1
13216,4
13217,5
13218,1
13219,2
13220,4
13221,1
13222,5
13223,2
13224,5
13225,3
13226,5
13227,2
13228,3
13229,2
13230,2
13231,4
13232,2
13233,5
13234,3
13235,5
13236,1
13237,1
13238,1
13239,4
13240,5
13241,1
13242,3
13243,4
13244,2
13245,2
13246,5
13247,3
13248,4
13249,5
13250,2
13251,2
13252,2
13253,5
13254,5
13255,5
13256,2
13257,3
13258,3
13259,2
13260,1
13261,3
13262,5
13263,4
13264,2
13265,4
13266,3
13267,1
13268,1
13269,4
13270,1
13271,2
13272,5
13273,1
13274,2
13275,4
13276,5
13277,2
13278,2
13279,3
13280,1
13281,2
13282,4
13283,4
13284,5
13285,4
13286,2
13287,3
13288,2
13289,2
13290,5
13291,4
13292,4
13293,3
13294,3
13295,5
13296,4
13297,1
13298,3
13299,1
13300,4
13301,4
13302,2
13303,3
13304,2
13305,4
13306,3
13307,3
13308,2
13309,1
13310,5
13311,1
13312,5
13313,1
13314,3
13315,2
13316,4
13317,1
13318,2
13319,1
13320,2
13321,1
13322,1
13323,1
13324,3
13325,1
13326,3
13327,1
13328,1
13329,1
13330,5
13331,4
13332,1
13333,4
13334,4
13335,5
13336,4
13337,2
13338,4
13339,2
13340,4
13341,5
13342,2
13343,4
13344,4
13345,5
13346,2
13347,2
13348,5
13349,3
13350,4
13351,1
13352,1
13353,3
13354,3
13355,2
13356,2
13357,4
13358,1
13359,1
13360,4
13361,5
13362,2
13363,2
13364,3
13365,1
13366,3
13367,1
13368,5
13369,4
13370,1
13371,5
13372,2
13373,5
13374,4
13375,3
13376,4
13377,4
13378,2
13379,5
13380,2
13381,4
13382,4
13383,2
13384,1
13385,1
13386,4
13387,4
13388,5
13389,4
13390,2
13391,5
13392,5
13393,1
13394,4
13395,3
13396,3
13397,1
13398,2
13399,5
13400,2
13401,5
13402,3
13403,4
13404,2
13405,3
13406,4
13407,5
13408,5
13409,5
13410,3
13411,3
13412,5
13413,3
13414,4
13415,4
13416,4
13417,5
13418,2
13419,1
13420,4
13421,5
13422,3
13423,1
13424,4
13425,4
13426,3
13427,2
13428,2
13429,3
13430,1
13431,4
13432,4
13433,3
13434,4
13435,1
13436,2
13437,5
13438,1
13439,1
13440,2
13441,2
13442,5
13443,1
13444,3
13445,4
13446,4
13447,1
13448,2
13449,4
13450,3
13451,2
13452,3
13453,2
13454,4
13455,2
13456,1
13457,5
13458,5
13459,4
13460,1
13461,1
13462,1
13463,3
13464,1
13465,5
13466,2
13467,1
13468,5
13469,5
13470,5
13471,4
13472,1
13473,3
13474,5
13475,2
13476,4
13477,4
13478,1
13479,5
13480,2
13481,5
13482,3
13483,3
13484,4
13485,1
13486,1
13487,1
13488,2
13489,5
13490,2
13491,4
13492,2
13493,5
13494,5
13495,4
13496,1
13497,2
13498,5
13499,2
13500,2
13501,3
13502,3
13503,4
13504,1
13505,2
13506,5
13507,1
13508,3
13509,4
13510,2
13511,4
13512,3
13513,4
13514,5
13515,3
13516,4
13517,3
13518,5
13519,1
13520,5
13521,4
13522,2
13523,3
13524,5
13525,4
13526,3
13527,5
13528,3
13529,1
13530,3
13531,4
13532,5
13533,4
13534,3
13535,3
13536,3
13537,2
13538,3
13539,1
13540,3
13541,1
13542,1
13543,3
13544,4
13545,5
13546,5
13547,5
13548,4
13549,1
13550,3
13551,5
13552,4
13553,2
13554,2
13555,3
13556,3
13557,1
13558,4
13559,1
13560,1
13561,3
13562,2
13563,4
13564,3
13565,3
13566,1
13567,3
13568,1
13569,3
13570,2
13571,2
13572,1
13573,3
13574,1
13575,5
13576,1
13577,5
13578,4
13579,1
13580,4
13581,3
13582,4
13583,2
13584,4
13585,5
13586,5
13587,3
13588,5
13589,1
13590,2
13591,1
13592,2
13593,2
13594,5
13595,2
13596,1
13597,4
13598,1
13599,5
13600,5
13601,1
13602,2
13603,3
13604,4
13605,1
13606,4
13607,1
13608,3
13609,2
13610,1
13611,5
13612,5
13613,1
13614,1
13615,5
13616,1
13617,1
13618,1
13619,2
13620,3
13621,2
13622,4
13623,3
13624,5
13625,4
13626,1
13627,5
13628,5
13629,4
13630,1
13631,3
13632,5
13633,4
13634,3
13635,3
13636,3
13637,4
13638,5
13639,2
13640,1
13641,1
13642,2
13643,3
13644,3
13645,2
13646,1
13647,1
13648,4
13649,1
13650,1
13651,3
13652,2
13653,2
13654,5
13655,5
13656,4
13657,5
13658,4
13659,2
13660,4
13661,5
13662,5
13663,2
13664,1
13665,4
13666,5
13667,1
13668,3
13669,1
13670,2
13671,3
13672,2
13673,4
13674,3
13675,5
13676,4
13677,2
13678,5
13679,2
13680,2
13681,3
13682,5
13683,5
13684,5
13685,1
13686,5
13687,1
13688,2
13689,5
13690,4
13691,2
13692,4
13693,4
13694,1
13695,1
13696,2
13697,3
13698,3
13699,3
13700,5
13701,2
13702,4
13703,1
13704,5
13705,1
13706,4
13707,4
13708,2
13709,4
13710,2
13711,5
13712,5
13713,4
13714,4
13715,5
13716,1
13717,2
13718,5
13719,2
13720,3
13721,2
13722,4
13723,1
13724,5
13725,3
13726,2
13727,4
13728,5
13729,1
13730,4
13731,1
13732,4
13733,2
13734,3
13735,5
13736,3
13737,2
13738,5
13739,5
13740,2
13741,3
13742,1
13743,2
13744,1
13745,3
13746,1
13747,5
13748,3
13749,3
13750,2
13751,4
13752,2
13753,2
13754,3
13755,4
13756,2
13757,4
13758,2
13759,1
13760,4
13761,1
13762,4
13763,4
13764,4
13765,4
13766,5
13767,2
13768,4
13769,3
13770,1
13771,3
13772,5
13773,1
13774,2
13775,1
13776,4
13777,5
13778,2
13779,1
13780,2
13781,1
13782,1
13783,2
13784,2
13785,1
13786,1
13787,5
13788,4
13789,2
13790,2
13791,3
13792,2
13793,4
13794,4
13795,1
13796,1
13797,3
13798,4
13799,2
13800,3
13801,1
13802,4
13803,1
13804,2
13805,4
13806,3
13807,2
13808,5
13809,1
13810,2
13811,3
13812,1
13813,4
13814,1
13815,1
13816,4
13817,3
13818,1
13819,4
13820,2
13821,1
13822,5
13823,3
13824,5
13825,2
13826,1
13827,5
13828,2
13829,1
13830,4
13831,1
13832,4
13833,3
13834,4
13835,2
13836,1
13837,5
13838,3
13839,2
13840,1
13841,3
13842,2
13843,2
13844,1
13845,4
13846,1
13847,4
13848,3
13849,1
13850,1
13851,4
13852,2
13853,5
13854,3
13855,5
13856,1
13857,5
13858,1
13859,5
13860,2
13861,3
13862,4
13863,5
13864,1
13865,3
13866,3
13867,3
13868,3
13869,5
13870,2
13871,1
13872,4
13873,3
13874,1
13875,4
13876,1
13877,1
13878,5
13879,1
13880,3
13881,3
13882,2
13883,3
13884,5
13885,4
13886,5
13887,1
13888,3
13889,5
13890,3
13891,1
13892,2
13893,5
13894,1
13895,2
13896,3
13897,4
13898,3
13899,5
13900,4
13901,5
13902,4
13903,4
13904,5
13905,2
13906,2
13907,4
13908,1
13909,4
13910,2
13911,4
13912,1
13913,5
13914,2
13915,2
13916,3
13917,5
13918,1
13919,1
13920,2
13921,2
13922,2
13923,5
13924,4
13925,4
13926,1
13927,4
13928,2
13929,4
13930,5
13931,1
13932,5
13933,1
13934,1
13935,2
13936,2
13937,5
13938,2
13939,5
13940,1
13941,3
13942,2
13943,2
13944,5
13945,4
13946,2
13947,2
13948,5
13949,2
13950,5
13951,2
13952,1
13953,2
13954,4
13955,5
13956,2
13957,4
13958,4
13959,2
13960,4
13961,2
13962,3
13963,1
13964,2
13965,4
13966,3
13967,1
13968,1
13969,4
13970,3
13971,1
13972,2
13973,3
13974,1
13975,4
13976,1
13977,3
13978,1
13979,4
13980,4
13981,2
13982,2
13983,5
13984,5
13985,4
13986,3
13987,1
13988,5
13989,4
13990,3
13991,3
13992,4
13993,1
13994,5
13995,4
13996,4
13997,3
13998,1
13999,2
14000,2
14001,4
14002,1
14003,2
14004,1
14005,1
14006,5
14007,3
14008,2
14009,2
14010,3
14011,4
14012,5
14013,2
14014,5
14015,1
14016,1
14017,4
14018,5
14019,2
14020,4
14021,1
14022,1
14023,4
14024,1
14025,3
14026,3
14027,5
14028,3
14029,2
14030,1
14031,4
14032,5
14033,2
14034,3
14035,1
14036,3
14037,5
14038,4
14039,4
14040,2
14041,4
14042,4
14043,2
14044,3
14045,4
14046,5
14047,5
14048,4
14049,3
14050,1
14051,3
14052,1
14053,3
14054,2
14055,5
14056,2
14057,2
14058,1
14059,4
14060,2
14061,5
14062,1
14063,5
14064,3
14065,4
14066,4
14067,3
14068,5
14069,4
14070,4
14071,5
14072,5
14073,2
14074,4
14075,3
14076,3
14077,2
14078,1
14079,4
14080,2
14081,5
14082,2
14083,1
14084,5
14085,4
14086,3
14087,3
14088,5
14089,3
14090,5
14091,4
14092,3
14093,3
14094,1
14095,3
14096,1
14097,4
14098,1
14099,5
14100,5
14101,1
14102,5
14103,1
14104,2
14105,4
14106,2
14107,1
14108,2
14109,5
14110,4
14111,4
14112,5
14113,5
14114,5
14115,1
14116,5
14117,1
14118,5
14119,3
14120,1
14121,3
14122,5
14123,2
14124,2
14125,4
14126,5
14127,5
14128,4
14129,3
14130,5
14131,4
14132,4
14133,5
14134,2
14135,2
14136,3
14137,3
14138,3
14139,3
14140,4
14141,2
14142,5
14143,5
14144,1
14145,3
14146,5
14147,3
14148,5
14149,5
14150,3
14151,3
14152,3
14153,5
14154,2
14155,1
14156,3
14157,2
14158,5
14159,5
14160,3
14161,2
14162,2
14163,2
14164,1
14165,2
14166,3
14167,1
14168,5
14169,5
14170,1
14171,4
14172,5
14173,4
14174,5
14175,3
14176,2
14177,4
14178,4
14179,1
14180,4
14181,3
14182,3
14183,4
14184,2
14185,5
14186,2
14187,2
14188,5
14189,3
14190,1
14191,1
14192,4
14193,2
14194,5
14195,3
14196,2
14197,3
14198,5
14199,1
14200,2
14201,1
14202,1
14203,3
14204,2
14205,3
14206,5
14207,1
14208,4
14209,1
14210,3
14211,5
14212,1
14213,1
14214,1
14215,4
14216,2
14217,1
14218,1
14219,1
14220,3
14221,5
14222,5
14223,1
14224,1
14225,4
14226,5
14227,1
14228,3
14229,3
14230,3
14231,1
14232,2
14233,5
14234,1
14235,4
14236,4
14237,2
14238,2
14239,5
14240,2
14241,3
14242,3
14243,4
14244,3
14245,1
14246,3
14247,4
14248,3
14249,2
14250,5
14251,2
14252,1
14253,1
14254,2
14255,2
14256,5
14257,1
14258,2
14259,2
14260,2
14261,1
14262,4
14263,4
14264,5
14265,3
14266,2
14267,4
14268,1
14269,1
14270,5
14271,4
14272,4
14273,4
14274,3
14275,4
14276,1
14277,3
14278,5
14279,4
14280,1
14281,5
14282,1
14283,3
14284,2
14285,4
14286,5
14287,1
14288,5
14289,5
14290,3
14291,4
14292,3
14293,4
14294,2
14295,2
14296,3
14297,4
14298,4
14299,3
14300,3
14301,4
14302,5
14303,3
14304,2
14305,2
14306,1
14307,4
14308,3
14309,2
14310,4
14311,4
14312,5
14313,4
14314,2
14315,4
14316,4
14317,3
14318,2
14319,3
14320,4
14321,2
14322,3
14323,1
14324,4
14325,3
14326,1
14327,2
14328,5
14329,2
14330,4
14331,5
14332,3
14333,3
14334,4
14335,2
14336,1
14337,2
14338,1
14339,1
14340,2
14341,1
14342,3
14343,5
14344,1
14345,4
14346,5
14347,3
14348,2
14349,1
14350,3
14351,3
14352,5
14353,3
14354,5
14355,5
14356,4
14357,5
14358,5
14359,5
14360,1
14361,4
14362,2
14363,4
14364,2
14365,5
14366,4
14367,2
14368,4
14369,1
14370,4
14371,2
14372,1
14373,5
14374,2
14375,3
14376,2
14377,2
14378,4
14379,1
14380,2
14381,2
14382,4
14383,5
14384,2
14385,2
14386,5
14387,1
14388,2
14389,2
14390,5
14391,4
14392,3
14393,3
14394,3
14395,1
14396,1
14397,3
14398,2
14399,2
14400,4
14401,1
14402,5
14403,4
14404,4
14405,3
14406,5
14407,3
14408,5
14409,2
14410,1
14411,5
14412,1
14413,4
14414,4
14415,1
14416,1
14417,2
14418,3
14419,1
14420,1
14421,1
14422,3
14423,5
14424,2
14425,5
14426,1
14427,2
14428,3
14429,4
14430,5
14431,2
14432,4
14433,4
14434,5
14435,3
14436,5
14437,3
14438,4
14439,3
14440,5
14441,3
14442,3
14443,4
14444,1
14445,3
14446,5
14447,5
14448,1
14449,4
14450,3
14451,1
14452,5
14453,1
14454,5
14455,1
14456,1
14457,1
14458,1
14459,5
14460,4
14461,2
14462,3
14463,1
14464,5
14465,1
14466,2
14467,1
14468,2
14469,4
14470,3
14471,5
14472,2
14473,3
14474,1
14475,3
14476,4
14477,5
14478,2
14479,5
14480,1
14481,2
14482,1
14483,4
14484,1
14485,3
14486,4
14487,5
14488,3
14489,2
14490,4
14491,2
14492,2
14493,5
14494,3
14495,5
14496,1
14497,3
14498,5
14499,3
14500,5
14501,1
14502,1
14503,2
14504,5
14505,4
14506,2
14507,2
14508,2
14509,5
14510,2
14511,5
14512,5
14513,3
14514,2
14515,2
14516,3
14517,5
14518,2
14519,4
14520,2
14521,5
14522,4
14523,2
14524,2
14525,2
14526,5
14527,3
14528,3
14529,2
14530,1
14531,5
14532,4
14533,2
14534,5
14535,2
14536,3
14537,4
14538,5
14539,4
14540,2
14541,2
14542,4
14543,2
14544,2
14545,1
14546,4
14547,1
14548,1
14549,2
14550,3
14551,1
14552,3
14553,5
14554,3
14555,3
14556,4
14557,2
14558,3
14559,4
14560,2
14561,5
14562,4
14563,4
14564,3
14565,4
14566,2
14567,3
14568,1
14569,1
14570,2
14571,4
14572,3
14573,5
14574,1
14575,3
14576,5
14577,1
14578,1
14579,1
14580,2
14581,1
14582,5
14583,2
14584,1
14585,1
14586,1
14587,1
14588,2
14589,2
14590,1
14591,5
14592,5
14593,3
14594,5
14595,4
14596,5
14597,3
14598,3
14599,3
14600,3
14601,2
14602,5
14603,3
14604,4
14605,5
14606,1
14607,3
14608,5
14609,5
14610,2
14611,5
14612,4
14613,1
14614,2
14615,4
14616,1
14617,3
14618,5
14619,3
14620,3
14621,5
14622,3
14623,3
14624,2
14625,3
14626,4
14627,1
14628,3
14629,2
14630,3
14631,3
14632,5
14633,2
14634,2
14635,3
14636,3
14637,3
14638,5
14639,3
14640,2
14641,3
14642,4
14643,3
14644,2
14645,2
14646,5
14647,1
14648,1
14649,4
14650,3
14651,5
14652,2
14653,3
14654,1
14655,4
14656,4
14657,4
14658,4
14659,5
14660,2
14661,1
14662,1
14663,3
14664,2
14665,1
14666,5
14667,1
14668,3
14669,4
14670,5
14671,5
14672,2
14673,2
14674,2
14675,1
14676,5
14677,2
14678,4
14679,4
14680,5
14681,4
14682,2
14683,1
14684,1
14685,5
14686,1
14687,2
14688,1
14689,1
14690,4
14691,1
14692,2
14693,3
14694,5
14695,3
14696,2
14697,1
14698,1
14699,4
14700,5
14701,1
14702,2
14703,3
14704,2
14705,5
14706,3
14707,5
14708,4
14709,2
14710,4
14711,4
14712,1
14713,3
14714,4
14715,1
14716,4
14717,3
14718,5
14719,2
14720,3
14721,4
14722,2
14723,5
14724,5
14725,2
14726,1
14727,2
14728,1
14729,2
14730,1
14731,1
14732,3
14733,5
14734,4
14735,4
14736,4
14737,2
14738,1
14739,5
14740,3
14741,1
14742,1
14743,1
14744,1
14745,5
14746,5
14747,4
14748,3
14749,1
14750,4
14751,4
14752,1
14753,5
14754,3
14755,1
14756,4
14757,1
14758,4
14759,3
14760,2
14761,1
14762,2
14763,2
14764,5
14765,2
14766,1
14767,1
14768,3
14769,1
14770,3
14771,3
14772,3
14773,2
14774,5
14775,4
14776,5
14777,1
14778,4
14779,1
14780,1
14781,4
14782,1
14783,1
14784,3
14785,4
14786,1
14787,4
14788,3
14789,3
14790,4
14791,4
14792,4
14793,3
14794,3
14795,4
14796,3
14797,1
14798,3
14799,4
14800,2
14801,3
14802,3
14803,3
14804,5
14805,1
14806,1
14807,3
14808,5
14809,5
14810,2
14811,2
14812,1
14813,1
14814,4
14815,2
14816,5
14817,4
14818,5
14819,5
14820,1
14821,4
14822,1
14823,5
14824,1
14825,2
14826,1
14827,4
14828,3
14829,1
14830,4
14831,1
14832,2
14833,4
14834,4
14835,2
14836,1
14837,4
14838,2
14839,3
14840,4
14841,5
14842,2
14843,2
14844,4
14845,2
14846,1
14847,2
14848,3
14849,1
14850,2
14851,3
14852,5
14853,4
14854,4
14855,5
14856,1
14857,1
14858,2
14859,2
14860,4
14861,3
14862,4
14863,1
14864,5
14865,4
14866,5
14867,4
14868,3
14869,4
14870,1
14871,3
14872,3
14873,1
14874,4
14875,5
14876,1
14877,1
14878,5
14879,3
14880,2
14881,2
14882,4
14883,1
14884,3
14885,3
14886,1
14887,5
14888,2
14889,2
14890,5
14891,5
14892,3
14893,2
14894,1
14895,2
14896,5
14897,5
14898,1
14899,5
14900,4
14901,1
14902,2
14903,4
14904,4
14905,1
14906,2
14907,2
14908,2
14909,3
14910,5
14911,2
14912,5
14913,2
14914,2
14915,3
14916,5
14917,1
14918,5
14919,3
14920,4
14921,1
14922,3
14923,5
14924,2
14925,5
14926,3
14927,5
14928,1
14929,4
14930,2
14931,5
14932,5
14933,2
14934,4
14935,1
14936,5
14937,5
14938,4
14939,1
14940,5
14941,5
14942,1
14943,5
14944,4
14945,5
14946,1
14947,5
14948,1
14949,4
14950,2
14951,2
14952,5
14953,2
14954,4
14955,5
14956,1
14957,5
14958,2
14959,4
14960,2
14961,2
14962,1
14963,2
14964,4
14965,5
14966,2
14967,1
14968,5
14969,4
14970,1
14971,3
14972,3
14973,3
14974,3
14975,4
14976,3
14977,3
14978,4
14979,2
14980,5
14981,2
14982,5
14983,1
14984,2
14985,3
14986,3
14987,5
14988,2
14989,2
14990,3
14991,2
14992,5
14993,2
14994,5
14995,1
14996,2
14997,1
14998,3
14999,2
15000,5
15001,2
15002,4
15003,4
15004,4
15005,2
15006,2
15007,5
15008,3
15009,5
15010,4
15011,3
15012,5
15013,3
15014,2
15015,3
15016,2
15017,4
15018,4
15019,2
15020,5
15021,5
15022,3
15023,2
15024,4
15025,2
15026,5
15027,3
15028,3
15029,3
15030,5
15031,3
15032,4
15033,1
15034,2
15035,1
15036,1
15037,5
15038,2
15039,5
15040,4
15041,4
15042,3
15043,5
15044,2
15045,4
15046,2
15047,3
15048,4
15049,3
15050,1
15051,2
15052,4
15053,4
15054,5
15055,1
15056,4
15057,2
15058,4
15059,5
15060,5
15061,3
15062,3
15063,2
15064,3
15065,5
15066,2
15067,1
15068,4
15069,1
15070,4
15071,2
15072,5
15073,2
15074,3
15075,4
15076,4
15077,5
15078,5
15079,1
15080,3
15081,3
15082,2
15083,4
15084,5
15085,5
15086,4
15087,2
15088,4
15089,3
15090,1
15091,3
15092,2
15093,2
15094,4
15095,3
15096,2
15097,1
15098,1
15099,2
15100,1
15101,4
15102,5
15103,5
15104,3
15105,3
15106,3
15107,2
15108,4
15109,4
15110,3
15111,2
15112,4
15113,4
15114,3
15115,5
15116,2
15117,1
15118,1
15119,2
15120,3
15121,3
15122,5
15123,4
15124,4
15125,2
15126,3
15127,2
15128,2
15129,4
15130,1
15131,1
15132,5
15133,1
15134,5
15135,2
15136,4
15137,4
15138,5
15139,3
15140,3
15141,2
15142,3
15143,5
15144,5
15145,5
15146,1
15147,3
15148,4
15149,3
15150,1
15151,5
15152,1
15153,2
15154,1
15155,1
15156,4
15157,2
15158,5
15159,5
15160,2
15161,5
15162,1
15163,4
15164,5
15165,3
15166,5
15167,4
15168,5
15169,1
15170,3
15171,4
15172,2
15173,2
15174,3
15175,2
15176,3
15177,5
15178,4
15179,2
15180,1
15181,4
15182,5
15183,1
15184,2
15185,2
15186,5
15187,1
15188,5
15189,5
15190,2
15191,4
15192,4
15193,2
15194,1
15195,2
15196,5
15197,3
15198,5
15199,3
15200,2
15201,4
15202,5
15203,4
15204,2
15205,2
15206,1
15207,2
15208,3
15209,3
15210,4
15211,4
15212,1
15213,1
15214,5
15215,5
15216,3
15217,1
15218,3
15219,4
15220,1
15221,5
15222,3
15223,4
15224,4
15225,5
15226,1
15227,5
15228,5
15229,5
15230,5
15231,5
15232,4
15233,2
15234,5
15235,3
15236,5
15237,3
15238,3
15239,3
15240,3
15241,4
15242,5
15243,5
15244,5
15245,2
15246,3
15247,5
15248,3
15249,4
15250,1
15251,1
15252,4
15253,2
15254,4
15255,2
15256,5
15257,1
15258,1
15259,5
15260,3
15261,5
15262,4
15263,3
15264,3
15265,2
15266,3
15267,3
15268,4
15269,4
15270,1
15271,3
15272,1
15273,1
15274,5
15275,4
15276,1
15277,2
15278,3
15279,1
15280,3
15281,1
15282,1
15283,3
15284,2
15285,3
15286,5
15287,1
15288,5
15289,3
15290,1
15291,5
15292,4
15293,4
15294,4
15295,3
15296,2
15297,4
15298,3
15299,4
15300,5
15301,4
15302,5
15303,4
15304,3
15305,5
15306,1
15307,3
15308,3
15309,4
15310,2
15311,3
15312,1
15313,2
15314,4
15315,2
15316,5
15317,5
15318,3
15319,4
15320,3
15321,4
15322,1
15323,2
15324,5
15325,1
15326,5
15327,1
15328,3
15329,4
15330,3
15331,1
15332,5
15333,3
15334,1
15335,5
15336,4
15337,5
15338,5
15339,3
15340,3
15341,2
15342,1
15343,2
15344,3
15345,5
15346,2
15347,4
15348,2
15349,5
15350,5
15351,3
15352,3
15353,2
15354,2
15355,2
15356,5
15357,3
15358,1
15359,4
15360,5
15361,1
15362,2
15363,2
15364,5
15365,3
15366,4
15367,1
15368,5
15369,5
15370,5
15371,4
15372,1
15373,2
15374,3
15375,2
15376,4
15377,5
15378,5
15379,2
15380,3
15381,5
15382,2
15383,1
15384,3
15385,1
15386,2
15387,2
15388,4
15389,1
15390,2
15391,4
15392,1
15393,3
15394,5
15395,5
15396,1
15397,1
15398,2
15399,5
15400,3
15401,3
15402,2
15403,5
15404,3
15405,4
15406,3
15407,5
15408,5
15409,2
15410,4
15411,5
15412,3
15413,5
15414,1
15415,5
15416,4
15417,1
15418,3
15419,4
15420,1
15421,1
15422,3
15423,5
15424,3
15425,2
15426,3
15427,3
15428,4
15429,1
15430,3
15431,1
15432,5
15433,4
15434,3
15435,5
15436,5
15437,4
15438,1
15439,4
15440,1
15441,5
15442,4
15443,5
15444,1
15445,3
15446,2
15447,5
15448,2
15449,3
15450,4
15451,5
15452,5
15453,3
15454,2
15455,3
15456,4
15457,5
15458,1
15459,2
15460,4
15461,2
15462,1
15463,4
15464,3
15465,5
15466,1
15467,1
15468,3
15469,3
15470,1
15471,1
15472,5
15473,4
15474,1
15475,5
15476,5
15477,4
15478,4
15479,1
15480,1
15481,1
15482,1
15483,1
15484,4
15485,5
15486,4
15487,5
15488,4
15489,1
15490,2
15491,1
15492,1
15493,2
15494,4
15495,2
15496,4
15497,4
15498,5
15499,2
15500,5
15501,2
15502,2
15503,1
15504,1
15505,1
15506,5
15507,3
15508,3
15509,4
15510,2
15511,3
15512,5
15513,4
15514,4
15515,2
15516,3
15517,3
15518,2
15519,5
15520,3
15521,3
15522,4
15523,1
15524,1
15525,5
15526,5
15527,2
15528,1
15529,3
15530,3
15531,5
15532,4
15533,3
15534,2
15535,5
15536,2
15537,5
15538,4
15539,1
15540,3
15541,5
15542,1
15543,4
15544,4
15545,4
15546,5
15547,5
15548,1
15549,2
15550,4
15551,3
15552,4
15553,5
15554,4
15555,5
15556,3
15557,3
15558,1
15559,4
15560,5
15561,5
15562,4
15563,5
15564,5
15565,2
15566,3
15567,2
15568,4
15569,5
15570,3
15571,4
15572,2
15573,2
15574,3
15575,1
15576,4
15577,1
15578,5
15579,3
15580,3
15581,2
15582,2
15583,4
15584,1
15585,1
15586,5
15587,3
15588,3
15589,4
15590,3
15591,3
15592,5
15593,5
15594,3
15595,5
15596,1
15597,3
15598,4
15599,4
15600,3
15601,2
15602,3
15603,4
15604,5
15605,2
15606,2
15607,1
15608,3
15609,3
15610,4
15611,3
15612,4
15613,1
15614,1
15615,5
15616,5
15617,3
15618,1
15619,3
15620,3
15621,2
15622,4
15623,4
15624,5
15625,5
15626,3
15627,3
15628,2
15629,3
15630,4
15631,2
15632,2
15633,2
15634,5
15635,4
15636,2
15637,3
15638,5
15639,4
15640,2
15641,1
15642,5
15643,4
15644,2
15645,4
15646,2
15647,1
15648,5
15649,2
15650,1
15651,2
15652,4
15653,3
15654,2
15655,4
15656,5
15657,2
15658,2
15659,5
15660,2
15661,1
15662,3
15663,2
15664,2
15665,4
15666,3
15667,1
15668,3
15669,2
15670,2
15671,4
15672,3
15673,3
15674,1
15675,4
15676,5
15677,1
15678,1
15679,5
15680,2
15681,2
15682,1
15683,3
15684,2
15685,2
15686,3
15687,4
15688,2
15689,3
15690,4
15691,1
15692,1
15693,3
15694,3
15695,2
15696,5
15697,5
15698,3
15699,1
15700,4
15701,2
15702,1
15703,1
15704,4
15705,2
15706,3
15707,3
15708,2
15709,2
15710,4
15711,1
15712,5
15713,5
15714,5
15715,4
15716,3
15717,3
15718,3
15719,2
15720,4
15721,2
15722,4
15723,2
15724,2
15725,3
15726,3
15727,3
15728,1
15729,2
15730,3
15731,3
15732,2
15733,1
15734,2
15735,3
15736,5
15737,5
15738,1
15739,1
15740,4
15741,3
15742,5
15743,3
15744,3
15745,4
15746,4
15747,4
15748,3
15749,1
15750,4
15751,2
15752,1
15753,4
15754,4
15755,2
15756,3
15757,4
15758,4
15759,2
15760,4
15761,4
15762,2
15763,3
15764,5
15765,5
15766,4
15767,1
15768,3
15769,2
15770,4
15771,2
15772,2
15773,4
15774,4
15775,3
15776,1
15777,5
15778,5
15779,1
15780,3
15781,5
15782,4
15783,1
15784,4
15785,3
15786,4
15787,5
15788,3
15789,1
15790,5
15791,2
15792,5
15793,3
15794,4
15795,2
15796,2
15797,2
15798,2
15799,2
15800,3
15801,4
15802,2
15803,5
15804,2
15805,5
15806,4
15807,3
15808,3
15809,4
15810,3
15811,2
15812,4
15813,5
15814,1
15815,4
15816,3
15817,4
15818,4
15819,2
15820,2
15821,4
15822,3
15823,1
15824,3
15825,5
15826,2
15827,2
15828,1
15829,5
15830,3
15831,1
15832,2
15833,3
15834,3
15835,4
15836,1
15837,2
15838,4
15839,4
15840,2
15841,2
15842,4
15843,3
15844,3
15845,4
15846,3
15847,4
15848,5
15849,1
15850,1
15851,4
15852,3
15853,2
15854,3
15855,1
15856,5
15857,3
15858,3
15859,4
15860,3
15861,5
15862,4
15863,5
15864,3
15865,1
15866,2
15867,4
15868,4
15869,3
15870,2
15871,3
15872,5
15873,1
15874,5
15875,4
15876,2
15877,3
15878,2
15879,3
15880,1
15881,3
15882,4
15883,2
15884,1
15885,3
15886,4
15887,1
15888,1
15889,2
15890,1
15891,3
15892,1
15893,5
15894,4
15895,3
15896,1
15897,1
15898,4
15899,1
15900,1
15901,1
15902,5
15903,2
15904,5
15905,2
15906,2
15907,2
15908,2
15909,2
15910,1
15911,3
15912,2
15913,2
15914,1
15915,3
15916,5
15917,5
15918,3
15919,2
15920,1
15921,2
15922,2
15923,1
15924,4
15925,2
15926,2
15927,3
15928,5
15929,5
15930,1
15931,4
15932,5
15933,3
15934,3
15935,3
15936,2
15937,5
15938,5
15939,1
15940,5
15941,1
15942,3
15943,1
15944,2
15945,3
15946,1
15947,2
15948,3
15949,5
15950,5
15951,1
15952,4
15953,1
15954,2
15955,3
15956,4
15957,2
15958,3
15959,5
15960,3
15961,2
15962,5
15963,4
15964,4
15965,3
15966,4
15967,3
15968,4
15969,3
15970,1
15971,3
15972,5
15973,1
15974,4
15975,5
15976,2
15977,5
15978,5
15979,5
15980,3
15981,2
15982,2
15983,2
15984,3
15985,3
15986,2
15987,2
15988,5
15989,3
15990,4
15991,4
15992,4
15993,5
15994,3
15995,2
15996,5
15997,1
15998,1
15999,3
16000,4
16001,2
16002,3
16003,1
16004,5
16005,3
16006,5
16007,5
16008,5
16009,4
16010,2
16011,4
16012,4
16013,1
16014,4
16015,3
16016,4
16017,5
16018,4
16019,2
16020,3
16021,1
16022,2
16023,3
16024,1
16025,2
16026,1
16027,5
16028,1
16029,2
16030,3
16031,4
16032,1
16033,1
16034,5
16035,3
16036,4
16037,2
16038,2
16039,2
16040,2
16041,1
16042,4
16043,5
16044,2
16045,2
16046,1
16047,5
16048,4
16049,1
16050,1
16051,1
16052,3
16053,2
16054,2
16055,1
16056,4
16057,3
16058,2
16059,2
16060,3
16061,3
16062,5
16063,3
16064,4
16065,2
16066,2
16067,2
16068,2
16069,3
16070,2
16071,1
16072,4
16073,2
16074,2
16075,1
16076,1
16077,5
16078,1
16079,2
16080,4
16081,5
16082,2
16083,3
16084,5
16085,4
16086,1
16087,5
16088,2
16089,3
16090,4
16091,4
16092,5
16093,1
16094,1
16095,4
16096,5
16097,5
16098,1
16099,1
16100,3
16101,1
16102,3
16103,5
16104,3
16105,2
16106,2
16107,1
16108,1
16109,4
16110,3
16111,5
16112,2
16113,4
16114,5
16115,2
16116,5
16117,1
16118,3
16119,4
16120,1
16121,1
16122,2
16123,2
16124,5
16125,2
16126,2
16127,5
16128,3
16129,2
16130,3
16131,5
16132,4
16133,1
16134,2
16135,2
16136,5
16137,1
16138,2
16139,5
16140,5
16141,4
16142,2
16143,4
16144,3
16145,2
16146,1
16147,5
16148,2
16149,3
16150,1
16151,4
16152,3
16153,1
16154,1
16155,2
16156,1
16157,2
16158,2
16159,4
16160,1
16161,4
16162,3
16163,3
16164,5
16165,4
16166,2
16167,4
16168,2
16169,5
16170,1
16171,5
16172,5
16173,1
16174,2
16175,5
16176,4
16177,5
16178,5
16179,1
16180,5
16181,3
16182,4
16183,4
16184,1
16185,5
16186,4
16187,3
16188,3
16189,2
16190,1
16191,3
16192,3
16193,3
16194,3
16195,3
16196,5
16197,1
16198,1
16199,4
16200,4
16201,3
16202,2
16203,3
16204,1
16205,2
16206,3
16207,4
16208,1
16209,5
16210,5
16211,1
16212,5
16213,3
16214,3
16215,1
16216,4
16217,2
16218,1
16219,2
16220,4
16221,2
16222,3
16223,5
16224,5
16225,5
16226,2
16227,4
16228,2
16229,5
16230,2
16231,4
16232,2
16233,5
16234,2
16235,4
16236,2
16237,3
16238,4
16239,5
16240,1
16241,3
16242,5
16243,1
16244,1
16245,2
16246,2
16247,1
16248,2
16249,3
16250,2
16251,3
16252,1
16253,1
16254,4
16255,2
16256,2
16257,4
16258,1
16259,5
16260,5
16261,5
16262,1
16263,3
16264,4
16265,4
16266,2
16267,1
16268,3
16269,5
16270,4
16271,5
16272,2
16273,3
16274,5
16275,5
16276,3
16277,5
16278,1
16279,4
16280,2
16281,2
16282,2
16283,4
16284,3
16285,4
16286,2
16287,2
16288,3
16289,4
16290,1
16291,3
16292,1
16293,1
16294,5
16295,3
16296,2
16297,1
16298,3
16299,1
16300,3
16301,1
16302,4
16303,2
16304,2
16305,3
16306,4
16307,3
16308,1
16309,2
16310,5
16311,2
16312,3
16313,2
16314,5
16315,3
16316,3
16317,3
16318,3
16319,3
16320,1
16321,2
16322,3
16323,1
16324,5
16325,2
16326,3
16327,3
16328,5
16329,5
16330,5
16331,1
16332,2
16333,2
16334,2
16335,4
16336,2
16337,2
16338,2
16339,4
16340,1
16341,4
16342,2
16343,3
16344,4
16345,5
16346,5
16347,2
16348,1
16349,3
16350,4
16351,4
16352,4
16353,1
16354,2
16355,2
16356,3
16357,2
16358,4
16359,2
16360,3
16361,4
16362,2
16363,5
16364,3
16365,4
16366,4
16367,2
16368,4
16369,3
16370,2
16371,3
16372,1
16373,4
16374,2
16375,4
16376,3
16377,3
16378,3
16379,2
16380,1
16381,2
16382,2
16383,5
16384,4
16385,5
16386,2
16387,1
16388,2
16389,2
16390,2
16391,4
16392,1
16393,3
16394,4
16395,4
16396,1
16397,4
16398,1
16399,4
16400,5
16401,1
16402,1
16403,4
16404,2
16405,1
16406,3
16407,4
16408,1
16409,1
16410,2
16411,3
16412,4
16413,4
16414,3
16415,3
16416,2
16417,4
16418,4
16419,1
16420,4
16421,1
16422,3
16423,1
16424,1
16425,1
16426,1
16427,4
16428,3
16429,1
16430,1
16431,3
16432,3
16433,1
16434,3
16435,4
16436,1
16437,3
16438,3
16439,5
16440,2
16441,1
16442,3
16443,2
16444,3
16445,1
16446,1
16447,3
16448,5
16449,3
16450,4
16451,5
16452,3
16453,1
16454,4
16455,4
16456,3
16457,1
16458,2
16459,5
16460,3
16461,3
16462,4
16463,5
16464,3
16465,3
16466,4
16467,1
16468,3
16469,3
16470,4
16471,5
16472,2
16473,3
16474,1
16475,3
16476,4
16477,4
16478,5
16479,4
16480,5
16481,4
16482,3
16483,2
16484,4
16485,4
16486,4
16487,1
16488,5
16489,3
16490,1
16491,2
16492,5
16493,4
16494,5
16495,5
16496,5
16497,2
16498,3
16499,1
16500,1
16501,3
16502,5
16503,4
16504,3
16505,2
16506,5
16507,5
16508,3
16509,5
16510,4
16511,2
16512,4
16513,3
16514,4
16515,2
16516,1
16517,3
16518,5
16519,3
16520,5
16521,1
16522,4
16523,4
16524,2
16525,5
16526,5
16527,4
16528,4
16529,5
16530,5
16531,1
16532,3
16533,5
16534,5
16535,5
16536,5
16537,5
16538,4
16539,5
16540,3
16541,4
16542,2
16543,5
16544,3
16545,5
16546,4
16547,5
16548,4
16549,3
16550,3
16551,2
16552,1
16553,5
16554,2
16555,2
16556,4
16557,3
16558,1
16559,5
16560,3
16561,4
16562,4
16563,2
16564,5
16565,2
16566,1
16567,3
16568,5
16569,1
16570,2
16571,5
16572,5
16573,4
16574,5
16575,2
16576,4
16577,2
16578,2
16579,2
16580,1
16581,2
16582,4
16583,3
16584,4
16585,4
16586,2
16587,1
16588,1
16589,3
16590,5
16591,3
16592,2
16593,4
16594,1
16595,3
16596,3
16597,2
16598,2
16599,5
16600,2
16601,5
16602,2
16603,5
16604,5
16605,1
16606,1
16607,4
16608,4
16609,5
16610,5
16611,1
16612,2
16613,4
16614,1
16615,4
16616,1
16617,4
16618,2
16619,1
16620,2
16621,3
16622,5
16623,5
16624,2
16625,3
16626,2
16627,3
16628,1
16629,3
16630,4
16631,5
16632,5
16633,2
16634,2
16635,1
16636,2
16637,1
16638,1
16639,5
16640,3
16641,1
16642,1
16643,3
16644,4
16645,5
16646,4
16647,1
16648,2
16649,4
16650,3
16651,3
16652,1
16653,5
16654,5
16655,5
16656,2
16657,1
16658,3
16659,3
16660,4
16661,3
16662,5
16663,4
16664,4
16665,1
16666,3
16667,2
16668,3
16669,5
16670,2
16671,5
16672,1
16673,3
16674,5
16675,5
16676,4
16677,2
16678,4
16679,3
16680,1
16681,1
16682,4
16683,3
16684,3
16685,1
16686,1
16687,4
16688,2
16689,3
16690,4
16691,4
16692,5
16693,3
16694,3
16695,1
16696,1
16697,4
16698,5
16699,2
16700,2
16701,1
16702,3
16703,3
16704,2
16705,3
16706,1
16707,5
16708,2
16709,2
16710,4
16711,1
16712,4
16713,4
16714,3
16715,1
16716,4
16717,3
16718,3
16719,1
16720,2
16721,3
16722,1
16723,5
16724,2
16725,4
16726,2
16727,5
16728,3
16729,2
16730,2
16731,5
16732,5
16733,3
16734,5
16735,4
16736,2
16737,4
16738,3
16739,4
16740,1
16741,3
16742,1
16743,3
16744,1
16745,3
16746,2
16747,2
16748,4
16749,4
16750,3
16751,4
16752,4
16753,5
16754,5
16755,2
16756,4
16757,1
16758,3
16759,2
16760,5
16761,1
16762,2
16763,1
16764,4
16765,2
16766,1
16767,2
16768,3
16769,2
16770,5
16771,1
16772,4
16773,5
16774,4
16775,1
16776,2
16777,2
16778,3
16779,2
16780,3
16781,2
16782,4
16783,2
16784,4
16785,3
16786,4
16787,5
16788,2
16789,1
16790,1
16791,4
16792,5
16793,3
16794,1
16795,1
16796,4
16797,5
16798,3
16799,2
16800,2
16801,4
16802,5
16803,4
16804,1
16805,5
16806,4
16807,3
16808,4
16809,1
16810,5
16811,5
16812,4
16813,3
16814,1
16815,1
16816,2
16817,1
16818,3
16819,3
16820,1
16821,3
16822,5
16823,2
16824,3
16825,2
16826,1
16827,5
16828,2
16829,1
16830,3
16831,1
16832,2
16833,5
16834,1
16835,3
16836,4
16837,5
16838,3
16839,2
16840,5
16841,3
16842,4
16843,5
16844,4
16845,5
16846,1
16847,4
16848,5
16849,2
16850,4
16851,5
16852,2
16853,5
16854,1
16855,3
16856,2
16857,1
16858,4
16859,3
16860,2
16861,1
16862,3
16863,5
16864,3
16865,1
16866,2
16867,5
16868,4
16869,2
16870,1
16871,1
16872,4
16873,5
16874,5
16875,3
16876,3
16877,1
16878,1
16879,5
16880,1
16881,4
16882,3
16883,1
16884,3
16885,5
16886,4
16887,1
16888,2
16889,5
16890,1
16891,1
16892,1
16893,4
16894,4
16895,2
16896,4
16897,1
16898,5
16899,1
16900,3
16901,4
16902,4
16903,3
16904,2
16905,4
16906,5
16907,4
16908,5
16909,5
16910,4
16911,4
16912,4
16913,1
16914,4
16915,4
16916,4
16917,4
16918,3
16919,3
16920,3
16921,4
16922,4
16923,2
16924,3
16925,5
16926,5
16927,4
16928,4
16929,2
16930,3
16931,1
16932,1
16933,4
16934,5
16935,1
16936,5
16937,4
16938,5
16939,1
16940,2
16941,3
16942,3
16943,3
16944,4
16945,5
16946,1
16947,1
16948,1
16949,5
16950,2
16951,2
16952,2
16953,4
16954,5
16955,2
16956,4
16957,1
16958,1
16959,3
16960,1
16961,4
16962,1
16963,1
16964,5
16965,5
16966,4
16967,1
16968,3
16969,4
16970,1
16971,5
16972,3
16973,3
16974,4
16975,2
16976,1
16977,3
16978,3
16979,2
16980,1
16981,4
16982,3
16983,4
16984,5
16985,2
16986,1
16987,4
16988,5
16989,2
16990,3
16991,5
16992,3
16993,1
16994,3
16995,1
16996,3
16997,3
16998,1
16999,4
17000,5
17001,5
17002,5
17003,2
17004,4
17005,4
17006,3
17007,1
17008,4
17009,3
17010,1
17011,5
17012,5
17013,2
17014,4
17015,1
17016,3
17017,2
17018,5
17019,5
17020,2
17021,2
17022,3
17023,3
17024,1
17025,1
17026,2
17027,5
17028,1
17029,4
17030,3
17031,1
17032,1
17033,5
17034,5
17035,3
17036,3
17037,2
17038,4
17039,3
17040,3
17041,3
17042,3
17043,1
17044,1
17045,1
17046,4
17047,4
17048,2
17049,1
17050,1
17051,1
17052,5
17053,4
17054,2
17055,1
17056,2
17057,2
17058,2
17059,1
17060,2
17061,5
17062,3
17063,3
17064,5
17065,3
17066,5
17067,2
17068,3
17069,5
17070,2
17071,2
17072,5
17073,2
17074,4
17075,2
17076,4
17077,5
17078,5
17079,3
17080,5
17081,1
17082,2
17083,2
17084,3
17085,1
17086,1
17087,5
17088,5
17089,4
17090,5
17091,1
17092,4
17093,5
17094,1
17095,4
17096,5
17097,2
17098,4
17099,1
17100,3
17101,5
17102,4
17103,4
17104,4
17105,2
17106,5
17107,3
17108,4
17109,3
17110,4
17111,2
17112,4
17113,4
17114,1
17115,4
17116,2
17117,3
17118,2
17119,4
17120,5
17121,2
17122,2
17123,2
17124,4
17125,4
17126,1
17127,2
17128,3
17129,5
17130,1
17131,5
17132,4
17133,4
17134,3
17135,3
17136,4
17137,5
17138,4
17139,3
17140,4
17141,1
17142,5
17143,5
17144,1
17145,3
17146,5
17147,4
17148,4
17149,5
17150,4
17151,2
17152,4
17153,3
17154,3
17155,2
17156,1
17157,3
17158,1
17159,1
17160,3
17161,3
17162,4
17163,4
17164,5
17165,2
17166,4
17167,4
17168,5
17169,2
17170,5
17171,2
17172,5
17173,4
17174,1
17175,4
17176,1
17177,5
17178,3
17179,5
17180,4
17181,5
17182,5
17183,2
17184,5
17185,4
17186,2
17187,3
17188,3
17189,5
17190,4
17191,1
17192,2
17193,3
17194,2
17195,5
17196,5
17197,5
17198,3
17199,5
17200,2
17201,2
17202,2
17203,3
17204,4
17205,2
17206,2
17207,1
17208,3
17209,2
17210,3
17211,4
17212,4
17213,1
17214,1
17215,3
17216,3
17217,5
17218,1
17219,2
17220,4
17221,2
17222,2
17223,5
17224,4
17225,4
17226,4
17227,3
17228,5
17229,2
17230,4
17231,2
17232,5
17233,5
17234,3
17235,1
17236,2
17237,3
17238,4
17239,3
17240,4
17241,5
17242,4
17243,3
17244,2
17245,4
17246,5
17247,1
17248,5
17249,3
17250,1
17251,2
17252,2
17253,4
17254,5
17255,2
17256,1
17257,2
17258,1
17259,3
17260,4
17261,5
17262,1
17263,2
17264,1
17265,2
17266,4
17267,1
17268,1
17269,1
17270,4
17271,3
17272,2
17273,2
17274,1
17275,1
17276,4
17277,1
17278,1
17279,5
17280,2
17281,3
17282,5
17283,5
17284,3
17285,2
17286,2
17287,4
17288,2
17289,1
17290,4
17291,4
17292,5
17293,3
17294,5
17295,1
17296,1
17297,1
17298,4
17299,5
17300,3
17301,4
17302,5
17303,1
17304,2
17305,4
17306,5
17307,1
17308,4
17309,2
17310,1
17311,4
17312,4
17313,3
17314,1
17315,2
17316,2
17317,1
17318,5
17319,3
17320,4
17321,1
17322,1
17323,3
17324,3
17325,1
17326,1
17327,1
17328,2
17329,2
17330,2
17331,5
17332,5
17333,1
17334,4
17335,3
17336,2
17337,2
17338,2
17339,4
17340,2
17341,2
17342,4
17343,3
17344,1
17345,2
17346,1
17347,1
17348,2
17349,5
17350,5
17351,2
17352,2
17353,4
17354,1
17355,4
17356,4
17357,4
17358,4
17359,4
17360,1
17361,5
17362,4
17363,1
17364,1
17365,3
17366,2
17367,5
17368,1
17369,5
17370,5
17371,2
17372,3
17373,3
17374,1
17375,3
17376,3
17377,5
17378,3
17379,1
17380,1
17381,1
17382,3
17383,5
17384,3
17385,4
17386,3
17387,5
17388,5
17389,2
17390,1
17391,4
17392,2
17393,4
17394,5
17395,2
17396,2
17397,1
17398,5
17399,1
17400,3
17401,2
17402,2
17403,4
17404,4
17405,5
17406,5
17407,4
17408,3
17409,1
17410,1
17411,5
17412,1
17413,2
17414,3
17415,1
17416,1
17417,5
17418,2
17419,1
17420,5
17421,2
17422,2
17423,4
17424,2
17425,4
17426,4
17427,1
17428,4
17429,1
17430,1
17431,1
17432,5
17433,3
17434,5
17435,1
17436,2
17437,4
17438,4
17439,4
17440,1
17441,5
17442,1
17443,2
17444,4
17445,1
17446,1
17447,2
17448,2
17449,4
17450,1
17451,3
17452,3
17453,1
17454,4
17455,2
17456,1
17457,3
17458,3
17459,5
17460,2
17461,5
17462,1
17463,3
17464,1
17465,3
17466,1
17467,2
17468,3
17469,4
17470,1
17471,5
17472,4
17473,3
17474,4
17475,5
17476,3
17477,4
17478,2
17479,4
17480,1
17481,2
17482,5
17483,2
17484,5
17485,1
17486,2
17487,3
17488,4
17489,4
17490,1
17491,4
17492,5
17493,1
17494,1
17495,3
17496,2
17497,2
17498,1
17499,2
17500,2
17501,4
17502,2
17503,3
17504,2
17505,4
17506,4
17507,4
17508,1
17509,4
17510,5
17511,4
17512,1
17513,4
17514,2
17515,1
17516,4
17517,4
17518,3
17519,5
17520,4
17521,4
17522,5
17523,1
17524,5
17525,4
17526,5
17527,5
17528,3
17529,1
17530,2
17531,4
17532,5
17533,1
17534,5
17535,3
17536,3
17537,1
17538,3
17539,1
17540,2
17541,1
17542,4
17543,1
17544,5
17545,5
17546,4
17547,3
17548,1
17549,1
17550,3
17551,1
17552,3
17553,5
17554,5
17555,1
17556,4
17557,4
17558,4
17559,5
17560,3
17561,2
17562,3
17563,3
17564,3
17565,3
17566,4
17567,4
17568,2
17569,4
17570,3
17571,4
17572,5
17573,2
17574,4
17575,2
17576,5
17577,1
17578,4
17579,4
17580,1
17581,4
17582,2
17583,5
17584,5
17585,4
17586,1
17587,2
17588,1
17589,2
17590,2
17591,5
17592,2
17593,1
17594,2
17595,3
17596,2
17597,1
17598,5
17599,4
17600,3
17601,3
17602,4
17603,3
17604,3
17605,1
17606,5
17607,4
17608,4
17609,3
17610,3
17611,4
17612,2
17613,1
17614,2
17615,5
17616,3
17617,3
17618,5
17619,5
17620,5
17621,4
17622,5
17623,1
17624,3
17625,4
17626,4
17627,1
17628,1
17629,1
17630,2
17631,1
17632,1
17633,5
17634,1
17635,4
17636,2
17637,5
17638,1
17639,1
17640,5
17641,2
17642,2
17643,3
17644,2
17645,3
17646,1
17647,2
17648,3
17649,5
17650,3
17651,1
17652,4
17653,4
17654,5
17655,4
17656,4
17657,4
17658,2
17659,2
17660,3
17661,3
17662,3
17663,4
17664,4
17665,5
17666,5
17667,2
17668,3
17669,3
17670,5
17671,3
17672,3
17673,2
17674,3
17675,1
17676,1
17677,3
17678,3
17679,3
17680,2
17681,3
17682,5
17683,2
17684,5
17685,3
17686,1
17687,3
17688,5
17689,1
17690,3
17691,3
17692,1
17693,1
17694,2
17695,3
17696,5
17697,5
17698,2
17699,4
17700,5
17701,2
17702,5
17703,2
17704,3
17705,5
17706,1
17707,4
17708,2
17709,3
17710,4
17711,3
17712,2
17713,4
17714,4
17715,2
17716,5
17717,1
17718,5
17719,2
17720,3
17721,5
17722,2
17723,4
17724,5
17725,5
17726,2
17727,1
17728,4
17729,5
17730,1
17731,1
17732,4
17733,2
17734,4
17735,4
17736,2
17737,2
17738,2
17739,4
17740,5
17741,4
17742,4
17743,2
17744,1
17745,1
17746,1
17747,4
17748,2
17749,5
17750,3
17751,5
17752,4
17753,5
17754,5
17755,2
17756,1
17757,4
17758,5
17759,4
17760,2
17761,5
17762,1
17763,1
17764,3
17765,1
17766,2
17767,3
17768,3
17769,2
17770,3
17771,2
17772,1
17773,5
17774,3
17775,1
17776,3
17777,1
17778,1
17779,1
17780,4
17781,1
17782,4
17783,2
17784,3
17785,2
17786,1
17787,5
17788,1
17789,4
17790,4
17791,5
17792,4
17793,5
17794,3
17795,1
17796,4
17797,5
17798,5
17799,3
17800,5
17801,3
17802,2
17803,2
17804,3
17805,4
17806,2
17807,5
17808,1
17809,1
17810,3
17811,1
17812,1
17813,2
17814,4
17815,1
17816,5
17817,3
17818,3
17819,1
17820,5
17821,2
17822,2
17823,1
17824,4
17825,4
17826,5
17827,3
17828,3
17829,4
17830,1
17831,3
17832,3
17833,1
17834,2
17835,1
17836,5
17837,1
17838,5
17839,1
17840,5
17841,2
17842,5
17843,5
17844,1
17845,2
17846,1
17847,5
17848,3
17849,4
17850,1
17851,5
17852,5
17853,2
17854,3
17855,2
17856,5
17857,2
17858,1
17859,5
17860,1
17861,1
17862,4
17863,3
17864,5
17865,5
17866,1
17867,3
17868,2
17869,2
17870,2
17871,2
17872,4
17873,1
17874,1
17875,5
17876,3
17877,2
17878,3
17879,1
17880,4
17881,3
17882,5
17883,4
17884,5
17885,2
17886,5
17887,2
17888,4
17889,5
17890,1
17891,4
17892,3
17893,1
17894,3
17895,4
17896,5
17897,2
17898,2
17899,4
17900,1
17901,5
17902,1
17903,2
17904,3
17905,2
17906,1
17907,1
17908,5
17909,5
17910,2
17911,2
17912,1
17913,1
17914,1
17915,5
17916,5
17917,1
17918,1
17919,4
17920,3
17921,4
17922,4
17923,3
17924,5
17925,5
17926,5
17927,2
17928,1
17929,3
17930,4
17931,5
17932,3
17933,5
17934,3
17935,2
17936,4
17937,1
17938,5
17939,3
17940,3
17941,3
17942,4
17943,4
17944,2
17945,3
17946,3
17947,1
17948,4
17949,1
17950,4
17951,4
17952,5
17953,2
17954,3
17955,5
17956,2
17957,1
17958,1
17959,5
17960,4
17961,4
17962,5
17963,4
17964,4
17965,3
17966,5
17967,4
17968,2
17969,3
17970,5
17971,2
17972,1
17973,1
17974,1
17975,5
17976,3
17977,1
17978,1
17979,3
17980,5
17981,4
17982,1
17983,5
17984,5
17985,2
17986,2
17987,2
17988,2
17989,4
17990,4
17991,4
17992,2
17993,4
17994,2
17995,4
17996,3
17997,3
17998,5
17999,1
18000,4
18001,4
18002,5
18003,4
18004,5
18005,2
18006,4
18007,3
18008,5
18009,2
18010,2
18011,3
18012,2
18013,2
18014,3
18015,4
18016,1
18017,4
18018,1
18019,1
18020,3
18021,3
18022,3
18023,1
18024,2
18025,2
18026,1
18027,4
18028,1
18029,5
18030,1
18031,3
18032,4
18033,2
18034,4
18035,3
18036,2
18037,5
18038,3
18039,5
18040,4
18041,3
18042,2
18043,4
18044,5
18045,2
18046,4
18047,2
18048,5
18049,4
18050,5
18051,4
18052,5
18053,2
18054,5
18055,5
18056,1
18057,1
18058,3
18059,1
18060,3
18061,5
18062,5
18063,1
18064,4
18065,4
18066,2
18067,5
18068,5
18069,3
18070,1
18071,3
18072,5
18073,4
18074,2
18075,3
18076,1
18077,5
18078,3
18079,3
18080,4
18081,1
18082,5
18083,4
18084,4
18085,1
18086,2
18087,2
18088,2
18089,2
18090,5
18091,4
18092,4
18093,3
18094,1
18095,4
18096,1
18097,4
18098,5
18099,5
18100,1
18101,1
18102,1
18103,5
18104,4
18105,5
18106,1
18107,3
18108,3
18109,5
18110,3
18111,1
18112,1
18113,2
18114,3
18115,4
18116,3
18117,5
18118,2
18119,5
18120,4
18121,3
18122,1
18123,4
18124,2
18125,5
18126,4
18127,3
18128,2
18129,4
18130,2
18131,1
18132,4
18133,3
18134,5
18135,3
18136,4
18137,3
18138,2
18139,2
18140,2
18141,3
18142,2
18143,4
18144,2
18145,3
18146,2
18147,5
18148,1
18149,2
18150,3
18151,1
18152,1
18153,2
18154,5
18155,4
18156,1
18157,1
18158,3
18159,1
18160,5
18161,4
18162,2
18163,5
18164,4
18165,5
18166,2
18167,5
18168,1
18169,4
18170,3
18171,5
18172,2
18173,5
18174,4
18175,1
18176,3
18177,2
18178,3
18179,1
18180,5
18181,1
18182,1
18183,2
18184,3
18185,4
18186,1
18187,1
18188,4
18189,5
18190,3
18191,2
18192,5
18193,4
18194,1
18195,4
18196,2
18197,4
18198,1
18199,1
18200,5
18201,2
18202,2
18203,3
18204,1
18205,4
18206,1
18207,1
18208,4
18209,2
18210,5
18211,5
18212,2
18213,1
18214,5
18215,1
18216,3
18217,5
18218,5
18219,2
18220,2
18221,1
18222,5
18223,5
18224,1
18225,3
18226,3
18227,2
18228,1
18229,2
18230,3
18231,2
18232,2
18233,2
18234,2
18235,1
18236,5
18237,1
18238,5
18239,3
18240,3
18241,4
18242,4
18243,2
18244,1
18245,4
18246,1
18247,1
18248,4
18249,3
18250,4
18251,5
18252,5
18253,1
18254,4
18255,4
18256,1
18257,1
18258,1
18259,1
18260,1
18261,5
18262,1
18263,4
18264,4
18265,2
18266,5
18267,1
18268,1
18269,3
18270,4
18271,3
18272,5
18273,1
18274,1
18275,1
18276,4
18277,2
18278,1
18279,5
18280,5
18281,3
18282,5
18283,5
18284,3
18285,1
18286,1
18287,1
18288,1
18289,3
18290,2
18291,1
18292,4
18293,3
18294,5
18295,3
18296,3
18297,2
18298,1
18299,2
18300,2
18301,3
18302,4
18303,3
18304,5
18305,3
18306,4
18307,5
18308,3
18309,3
18310,1
18311,4
18312,2
18313,3
18314,4
18315,4
18316,2
18317,1
18318,3
18319,1
18320,1
18321,1
18322,4
18323,3
18324,3
18325,3
18326,3
18327,2
18328,5
18329,3
18330,3
18331,3
18332,2
18333,2
18334,5
18335,4
18336,4
18337,3
18338,3
18339,1
18340,4
18341,4
18342,5
18343,5
18344,1
18345,2
18346,3
18347,1
18348,1
18349,2
18350,4
18351,4
18352,5
18353,5
18354,5
18355,1
18356,1
18357,4
18358,3
18359,4
18360,5
18361,1
18362,3
18363,4
18364,5
18365,4
18366,3
18367,2
18368,1
18369,2
18370,4
18371,5
18372,3
18373,1
18374,2
18375,4
18376,3
18377,2
18378,3
18379,4
18380,4
18381,3
18382,1
18383,3
18384,5
18385,1
18386,3
18387,3
18388,2
18389,2
18390,5
18391,4
18392,3
18393,5
18394,4
18395,3
18396,2
18397,1
18398,5
18399,5
18400,4
18401,3
18402,2
18403,5
18404,5
18405,2
18406,3
18407,1
18408,4
18409,4
18410,1
18411,3
18412,2
18413,1
18414,2
18415,4
18416,1
18417,1
18418,3
18419,3
18420,5
18421,5
18422,3
18423,1
18424,2
18425,5
18426,2
18427,1
18428,1
18429,1
18430,3
18431,1
18432,5
18433,3
18434,3
18435,3
18436,4
18437,1
18438,3
18439,3
18440,4
18441,3
18442,4
18443,3
18444,2
18445,5
18446,5
18447,2
18448,4
18449,5
18450,3
18451,4
18452,1
18453,2
18454,5
18455,5
18456,3
18457,4
18458,3
18459,3
18460,1
18461,2
18462,4
18463,2
18464,3
18465,3
18466,4
18467,2
18468,3
18469,4
18470,1
18471,3
18472,1
18473,3
18474,1
18475,4
18476,3
18477,5
18478,1
18479,5
18480,3
18481,2
18482,5
18483,2
18484,5
18485,1
18486,3
18487,2
18488,1
18489,5
18490,1
18491,2
18492,5
18493,4
18494,3
18495,3
18496,1
18497,1
18498,1
18499,4
18500,5
18501,1
18502,2
18503,2
18504,4
18505,1
18506,1
18507,3
18508,4
18509,3
18510,4
18511,1
18512,4
18513,4
18514,4
18515,5
18516,4
18517,5
18518,5
18519,5
18520,3
18521,1
18522,3
18523,3
18524,4
18525,1
18526,3
18527,2
18528,3
18529,1
18530,2
18531,1
18532,4
18533,4
18534,5
18535,1
18536,2
18537,3
18538,3
18539,5
18540,1
18541,1
18542,1
18543,1
18544,1
18545,3
18546,4
18547,2
18548,1
18549,4
18550,4
18551,4
18552,5
18553,3
18554,1
18555,1
18556,4
18557,4
18558,3
18559,4
18560,3
18561,5
18562,4
18563,1
18564,2
18565,3
18566,1
18567,1
18568,2
18569,5
18570,2
18571,2
18572,4
18573,3
18574,3
18575,4
18576,3
18577,4
18578,3
18579,5
18580,2
18581,2
18582,3
18583,5
18584,2
18585,5
18586,3
18587,2
18588,5
18589,2
18590,2
18591,3
18592,5
18593,1
18594,5
18595,2
18596,2
18597,2
18598,3
18599,5
18600,2
18601,2
18602,1
18603,1
18604,4
18605,2
18606,5
18607,4
18608,2
18609,1
18610,3
18611,2
18612,1
18613,4
18614,5
18615,5
18616,3
18617,1
18618,2
18619,1
18620,2
18621,5
18622,2
18623,5
18624,2
18625,4
18626,2
18627,3
18628,3
18629,3
18630,5
18631,2
18632,1
18633,5
18634,4
18635,3
18636,5
18637,4
18638,2
18639,4
18640,1
18641,5
18642,2
18643,2
18644,2
18645,3
18646,1
18647,5
18648,2
18649,1
18650,4
18651,1
18652,2
18653,4
18654,3
18655,5
18656,5
18657,4
18658,1
18659,4
18660,5
18661,5
18662,2
18663,1
18664,1
18665,2
18666,3
18667,5
18668,1
18669,4
18670,2
18671,4
18672,1
18673,3
18674,5
18675,1
18676,5
18677,5
18678,4
18679,2
18680,2
18681,3
18682,3
18683,5
18684,2
18685,5
18686,5
18687,3
18688,2
18689,4
18690,2
18691,2
18692,5
18693,5
18694,5
18695,3
18696,4
18697,3
18698,3
18699,5
18700,2
18701,1
18702,1
18703,3
18704,1
18705,1
18706,4
18707,3
18708,4
18709,5
18710,5
18711,4
18712,3
18713,3
18714,2
18715,2
18716,4
18717,2
18718,3
18719,1
18720,4
18721,2
18722,4
18723,5
18724,2
18725,5
18726,2
18727,1
18728,2
18729,2
18730,5
18731,3
18732,3
18733,1
18734,1
18735,4
18736,4
18737,1
18738,5
18739,2
18740,3
18741,2
18742,3
18743,2
18744,5
18745,5
18746,1
18747,1
18748,5
18749,1
18750,4
18751,4
18752,1
18753,2
18754,1
18755,3
18756,1
18757,4
18758,2
18759,4
18760,5
18761,5
18762,4
18763,3
18764,5
18765,4
18766,5
18767,2
18768,4
18769,4
18770,1
18771,1
18772,2
18773,3
18774,3
18775,5
18776,5
18777,4
18778,5
18779,5
18780,1
18781,2
18782,1
18783,5
18784,2
18785,5
18786,4
18787,2
18788,2
18789,2
18790,5
18791,4
18792,4
18793,4
18794,3
18795,4
18796,4
18797,1
18798,5
18799,1
18800,3
18801,4
18802,1
18803,4
18804,2
18805,5
18806,2
18807,2
18808,2
18809,1
18810,5
18811,1
18812,5
18813,4
18814,3
18815,3
18816,1
18817,2
18818,2
18819,5
18820,2
18821,5
18822,1
18823,4
18824,2
18825,1
18826,4
18827,2
18828,1
18829,3
18830,2
18831,2
18832,3
18833,1
18834,5
18835,3
18836,5
18837,5
18838,5
18839,2
18840,5
18841,5
18842,2
18843,5
18844,3
18845,5
18846,1
18847,5
18848,3
18849,5
18850,4
18851,2
18852,1
18853,5
18854,4
18855,5
18856,3
18857,1
18858,3
18859,4
18860,1
18861,3
18862,4
18863,4
18864,1
18865,1
18866,1
18867,4
18868,4
18869,4
18870,5
18871,4
18872,3
18873,3
18874,2
18875,4
18876,3
18877,1
18878,1
18879,5
18880,3
18881,1
18882,5
18883,1
18884,2
18885,1
18886,5
18887,5
18888,1
18889,4
18890,1
18891,2
18892,5
18893,1
18894,2
18895,2
18896,2
18897,4
18898,5
18899,5
18900,5
18901,2
18902,3
18903,2
18904,5
18905,4
18906,5
18907,3
18908,3
18909,5
18910,3
18911,3
18912,1
18913,4
18914,1
18915,4
18916,3
18917,3
18918,2
18919,4
18920,2
18921,2
18922,1
18923,4
18924,5
18925,5
18926,2
18927,5
18928,2
18929,5
18930,2
18931,2
18932,5
18933,2
18934,1
18935,3
18936,4
18937,2
18938,4
18939,4
18940,5
18941,4
18942,3
18943,2
18944,2
18945,4
18946,3
18947,5
18948,5
18949,5
18950,4
18951,5
18952,5
18953,1
18954,2
18955,1
18956,4
18957,3
18958,2
18959,2
18960,4
18961,2
18962,1
18963,4
18964,5
18965,5
18966,3
18967,4
18968,1
18969,2
18970,2
18971,1
18972,1
18973,5
18974,1
18975,4
18976,5
18977,1
18978,5
18979,1
18980,3
18981,2
18982,2
18983,5
18984,3
18985,4
18986,2
18987,4
18988,2
18989,3
18990,5
18991,5
18992,4
18993,5
18994,3
18995,3
18996,3
18997,3
18998,4
18999,2
19000,3
19001,3
19002,3
19003,2
19004,1
19005,1
19006,5
19007,1
19008,5
19009,5
19010,1
19011,3
19012,3
19013,5
19014,3
19015,5
19016,3
19017,4
19018,1
19019,4
19020,4
19021,1
19022,1
19023,3
19024,2
19025,1
19026,5
19027,1
19028,1
19029,4
19030,3
19031,4
19032,4
19033,1
19034,3
19035,1
19036,1
19037,2
19038,2
19039,1
19040,1
19041,3
19042,2
19043,4
19044,1
19045,2
19046,5
19047,4
19048,3
19049,3
19050,3
19051,5
19052,3
19053,2
19054,5
19055,1
19056,3
19057,2
19058,4
19059,1
19060,5
19061,4
19062,1
19063,5
19064,1
19065,3
19066,2
19067,5
19068,1
19069,3
19070,1
19071,5
19072,5
19073,2
19074,5
19075,4
19076,3
19077,1
19078,1
19079,2
19080,5
19081,5
19082,5
19083,4
19084,5
19085,3
19086,3
19087,3
19088,2
19089,5
19090,2
19091,1
19092,3
19093,1
19094,3
19095,1
19096,1
19097,4
19098,1
19099,5
19100,4
19101,2
19102,1
19103,1
19104,5
19105,5
19106,3
19107,2
19108,1
19109,2
19110,5
19111,4
19112,4
19113,1
19114,3
19115,5
19116,5
19117,3
19118,1
19119,2
19120,2
19121,1
19122,3
19123,3
19124,5
19125,4
19126,2
19127,5
19128,1
19129,3
19130,1
19131,1
19132,5
19133,2
19134,3
19135,1
19136,5
19137,2
19138,1
19139,1
19140,4
19141,2
19142,5
19143,1
19144,2
19145,3
19146,5
19147,5
19148,5
19149,2
19150,2
19151,5
19152,4
19153,3
19154,1
19155,3
19156,2
19157,3
19158,5
19159,5
19160,4
19161,4
19162,4
19163,1
19164,2
19165,3
19166,3
19167,1
19168,1
19169,1
19170,5
19171,2
19172,4
19173,2
19174,2
19175,5
19176,3
19177,5
19178,4
19179,2
19180,3
19181,4
19182,5
19183,4
19184,4
19185,3
19186,2
19187,5
19188,1
19189,4
19190,2
19191,3
19192,3
19193,3
19194,1
19195,1
19196,2
19197,3
19198,5
19199,1
19200,1
19201,1
19202,1
19203,4
19204,3
19205,2
19206,4
19207,4
19208,2
19209,5
19210,2
19211,1
19212,3
19213,4
19214,4
19215,1
19216,2
19217,2
19218,3
19219,4
19220,5
19221,2
19222,2
19223,4
19224,2
19225,3
19226,3
19227,4
19228,4
19229,1
19230,2
19231,5
19232,5
19233,1
19234,5
19235,2
19236,2
19237,2
19238,2
19239,3
19240,1
19241,4
19242,5
19243,4
19244,1
19245,4
19246,2
19247,1
19248,5
19249,2
19250,2
19251,2
19252,4
19253,4
19254,1
19255,3
19256,4
19257,3
19258,2
19259,1
19260,3
19261,2
19262,4
19263,3
19264,2
19265,4
19266,3
19267,5
19268,1
19269,1
19270,4
19271,2
19272,1
19273,4
19274,4
19275,1
19276,3
19277,5
19278,3
19279,3
19280,2
19281,3
19282,5
19283,1
19284,2
19285,1
19286,3
19287,5
19288,4
19289,1
19290,1
19291,4
19292,3
19293,4
19294,2
19295,2
19296,4
19297,5
19298,3
19299,4
19300,2
19301,5
19302,5
19303,2
19304,4
19305,5
19306,4
19307,4
19308,3
19309,1
19310,1
19311,3
19312,2
19313,3
19314,1
19315,2
19316,1
19317,5
19318,3
19319,1
19320,4
19321,1
19322,4
19323,2
19324,3
19325,4
19326,5
19327,1
19328,2
19329,2
19330,1
19331,5
19332,3
19333,4
19334,3
19335,1
19336,1
19337,5
19338,4
19339,5
19340,3
19341,4
19342,1
19343,4
19344,2
19345,4
19346,1
19347,4
19348,2
19349,2
19350,3
19351,5
19352,3
19353,1
19354,3
19355,2
19356,4
19357,2
19358,3
19359,3
19360,2
19361,2
19362,1
19363,1
19364,2
19365,5
19366,2
19367,5
19368,2
19369,3
19370,5
19371,1
19372,2
19373,5
19374,4
19375,5
19376,5
19377,5
19378,4
19379,4
19380,2
19381,1
19382,4
19383,2
19384,3
19385,4
19386,3
19387,2
19388,5
19389,1
19390,1
19391,4
19392,4
19393,4
19394,3
19395,5
19396,2
19397,3
19398,1
19399,1
19400,2
19401,1
19402,3
19403,3
19404,2
19405,3
19406,4
19407,5
19408,2
19409,2
19410,1
19411,3
19412,2
19413,4
19414,1
19415,4
19416,5
19417,1
19418,5
19419,1
19420,1
19421,5
19422,5
19423,4
19424,5
19425,4
19426,1
19427,4
19428,5
19429,4
19430,4
19431,3
19432,4
19433,5
19434,2
19435,1
19436,2
19437,2
19438,2
19439,1
19440,4
19441,1
19442,3
19443,4
19444,3
19445,4
19446,5
19447,3
19448,1
19449,4
19450,4
19451,2
19452,1
19453,3
19454,5
19455,5
19456,1
19457,3
19458,1
19459,4
19460,4
19461,2
19462,4
19463,3
19464,5
19465,4
19466,1
19467,2
19468,4
19469,2
19470,4
19471,4
19472,5
19473,5
19474,4
19475,5
19476,1
19477,1
19478,4
19479,2
19480,3
19481,1
19482,5
19483,4
19484,2
19485,2
19486,3
19487,1
19488,1
19489,4
19490,2
19491,4
19492,5
19493,2
19494,3
19495,5
19496,4
19497,3
19498,1
19499,2
19500,4
19501,3
19502,1
19503,2
19504,4
19505,2
19506,3
19507,3
19508,4
19509,2
19510,4
19511,2
19512,4
19513,3
19514,3
19515,3
19516,4
19517,2
19518,3
19519,3
19520,5
19521,2
19522,4
19523,4
19524,3
19525,3
19526,3
19527,1
19528,4
19529,1
19530,3
19531,5
19532,3
19533,5
19534,4
19535,3
19536,3
19537,3
19538,1
19539,2
19540,2
19541,3
19542,4
19543,3
19544,3
19545,5
19546,4
19547,5
19548,4
19549,3
19550,3
19551,2
19552,3
19553,1
19554,5
19555,2
19556,5
19557,2
19558,2
19559,1
19560,4
19561,1
19562,2
19563,3
19564,4
19565,1
19566,1
19567,4
19568,1
19569,4
19570,3
19571,3
19572,1
19573,3
19574,1
19575,5
19576,3
19577,3
19578,2
19579,4
19580,3
19581,4
19582,5
19583,4
19584,3
19585,1
19586,5
19587,5
19588,1
19589,2
19590,4
19591,1
19592,3
19593,1
19594,1
19595,2
19596,1
19597,5
19598,2
19599,1
19600,3
19601,4
19602,1
19603,4
19604,3
19605,5
19606,2
19607,3
19608,4
19609,5
19610,1
19611,5
19612,5
19613,3
19614,4
19615,5
19616,2
19617,1
19618,4
19619,4
19620,3
19621,1
19622,5
19623,2
19624,1
19625,1
19626,5
19627,3
19628,4
19629,2
19630,5
19631,2
19632,3
19633,4
19634,1
19635,4
19636,5
19637,1
19638,5
19639,4
19640,3
19641,1
19642,3
19643,4
19644,5
19645,4
19646,5
19647,1
19648,2
19649,1
19650,1
19651,1
19652,3
19653,1
19654,1
19655,2
19656,2
19657,2
19658,3
19659,1
19660,4
19661,5
19662,5
19663,4
19664,1
19665,3
19666,5
19667,5
19668,4
19669,3
19670,5
19671,4
19672,5
19673,5
19674,5
19675,3
19676,5
19677,5
19678,3
19679,3
19680,2
19681,1
19682,2
19683,4
19684,5
19685,4
19686,4
19687,5
19688,3
19689,1
19690,2
19691,4
19692,3
19693,4
19694,2
19695,3
19696,1
19697,1
19698,5
19699,4
19700,1
19701,2
19702,1
19703,3
19704,4
19705,3
19706,5
19707,5
19708,3
19709,4
19710,1
19711,4
19712,1
19713,4
19714,4
19715,4
19716,5
19717,2
19718,1
19719,1
19720,5
19721,4
19722,4
19723,3
19724,1
19725,2
19727,3
19728,2
19729,4
19730,2
19731,3
19732,1
19733,1
19734,3
19735,3
19736,1
19737,4
19738,4
19739,3
19740,2
19741,3
19742,2
19743,3
19744,3
19745,1
19746,4
19747,1
19748,4
19749,4
19750,3
19751,4
19752,5
19753,2
19754,1
19755,5
19756,1
19757,3
19758,1
19759,2
19760,5
19761,1
19762,5
19763,3
19764,1
19765,3
19766,4
19767,5
19768,2
19769,2
19770,5
19771,2
19772,1
19773,2
19774,4
19775,2
19776,5
19777,4
19778,4
19779,1
19780,4
19781,4
19782,1
19783,3
19784,5
19785,5
19786,2
19787,1
19788,1
19789,4
19790,2
19791,4
19792,4
19793,5
19794,3
19795,4
19796,4
19797,4
19798,4
19799,3
19800,5
19801,4
19802,5
19803,4
19804,2
19805,1
19806,5
19807,5
19808,5
19809,4
19810,3
19811,5
19812,5
19813,3
19814,3
19815,4
19816,1
19817,2
19818,3
19819,3
19820,5
19821,2
19822,3
19823,4
19824,4
19825,5
19826,1
19827,4
19828,3
19829,1
19830,1
19831,4
19832,3
19833,4
19834,3
19835,5
19836,5
19837,2
19838,1
19839,5
19840,4
19841,1
19842,2
19843,4
19844,1
19845,4
19846,3
19847,5
19848,4
19849,3
19850,4
19851,1
19852,4
19853,4
19854,4
19855,2
19856,1
19857,2
19858,5
19859,4
19860,2
19861,3
19862,5
19863,5
19864,3
19865,5
19866,4
19867,5
19868,2
19869,2
19870,3
19871,3
19872,4
19873,2
19874,4
19875,2
19876,1
19877,5
19878,3
19879,3
19880,3
19881,4
19882,4
19883,3
19884,5
19885,4
19886,5
19887,5
19888,4
19889,3
19890,2
19891,3
19892,3
19893,1
19894,1
19895,5
19896,2
19897,4
19898,3
19899,3
19900,4
19901,2
19902,1
19903,2
19904,4
19905,1
19906,2
19907,1
19908,3
19909,3
19910,1
19911,3
19912,3
19913,2
19914,1
19915,2
19916,5
19917,4
19918,2
19919,5
19920,1
19921,4
19922,1
19923,4
19924,5
19925,3
19926,2
19927,1
19928,5
19929,3
19930,1
19931,4
19932,2
19933,5
19934,1
19935,2
19936,4
19937,4
19938,2
19939,3
19940,4
19941,1
19942,3
19943,2
19944,3
19945,4
19946,1
19947,4
19948,2
19949,2
19950,3
19951,2
19952,4
19953,3
19954,1
19955,2
19956,4
19957,2
19958,3
19959,1
19960,1
19961,5
19962,5
19963,4
19964,2
19965,2
19966,5
19967,5
19968,4
19969,1
19970,1
19971,4
19972,1
19973,5
19974,1
19975,4
19976,5
19977,2
19978,4
19979,5
19980,5
19981,2
19982,5
19983,3
19984,2
19985,5
19986,1
19987,5
19988,4
19989,5
19990,5
19991,2
19992,1
19993,1
19994,3
19995,1
19996,1
19997,1
19998,3
19999,5
20000,3
20001,1
20002,3
20003,2
20004,3
20005,5
20006,3
20007,4
20008,5
20009,3
20010,3
20011,3
20012,3
20013,4
20014,5
20015,4
20016,4
20017,4
20018,3
20019,4
20020,3
20021,2
20022,2
20023,3
20024,5
20025,5
20026,5
20027,5
20028,2
20029,4
20030,3
20031,2
20032,3
20033,5
20034,5
20035,5
20036,5
20037,2
20038,5
20039,3
20040,5
20041,3
20042,5
20043,4
20044,5
20045,1
20046,1
20047,1
20048,1
20049,5
20050,3
20051,1
20052,3
20053,5
20054,2
20055,1
20056,2
20057,4
20058,2
20059,4
20060,5
20061,4
20062,2
20063,5
20064,2
20065,5
20066,1
20067,4
20068,3
20069,5
20070,3
20071,5
20072,2
20073,1
20074,2
20075,3
20076,4
20077,1
20078,5
20079,3
20080,3
20081,1
20082,4
20083,5
20084,2
20085,3
20086,5
20087,2
20088,2
20089,2
20090,2
20091,1
20092,5
20093,2
20094,1
20095,3
20096,3
20097,4
20098,3
20099,2
20100,2
20101,2
20102,4
20103,2
20104,5
20105,5
20106,4
20107,2
20108,2
20109,3
20110,5
20111,4
20112,2
20113,2
20114,5
20115,5
20116,1
20117,1
20118,2
20119,5
20120,3
20121,2
20122,4
20123,5
20124,1
20125,3
20126,1
20127,2
20128,4
20129,5
20130,5
20131,3
20132,5
20133,1
20134,1
20135,1
20136,3
20137,5
20138,1
20139,4
20140,3
20141,4
20142,1
20143,5
20144,4
20145,1
20146,1
20147,1
20148,2
20149,5
20150,3
20151,5
20152,3
20153,2
20154,5
20155,3
20156,2
20157,1
20158,5
20159,4
20160,4
20161,1
20162,1
20163,5
20164,2
20165,2
20166,5
20167,2
20168,5
20169,3
20170,2
20171,1
20172,4
20173,3
20174,3
20175,2
20176,4
20177,5
20178,4
20179,2
20180,3
20181,4
20182,2
20183,2
20184,2
20185,4
20186,5
20187,3
20188,3
20189,3
20190,4
20191,5
20192,2
20193,3
20194,3
20195,2
20196,4
20197,1
20198,5
20199,2
20200,5
20201,4
20202,3
20203,3
20204,2
20205,3
20206,2
20207,3
20208,2
20209,1
20210,3
20211,4
20212,1
20213,1
20214,3
20215,1
20216,5
20217,1
20218,1
20219,3
20220,1
20221,1
20222,4
20223,1
20224,5
20225,5
20226,1
20227,1
20228,4
20229,4
20230,1
20231,5
20232,5
20233,4
20234,3
20235,4
20236,1
20237,1
20238,5
20239,4
20240,3
20241,3
20242,4
20243,5
20244,4
20245,2
20246,5
20247,3
20248,3
20249,3
20250,1
20251,3
20252,4
20253,5
20254,3
20255,1
20256,5
20257,3
20258,4
20259,4
20260,5
20261,3
20262,3
20263,4
20264,3
20265,4
20266,2
20267,3
20268,5
20269,5
20270,3
20271,1
20272,4
20273,2
20274,3
20275,2
20276,5
20277,2
20278,5
20279,3
20280,4
20281,5
20282,5
20283,5
20284,3
20285,5
20286,1
20287,1
20288,2
20289,3
20290,3
20291,3
20292,1
20293,2
20294,4
20295,4
20296,4
20297,5
20298,3
20299,1
20300,5
20301,3
20302,1
20303,3
20304,1
20305,1
20306,2
20307,2
20308,4
20309,4
20310,4
20311,5
20312,3
20313,1
20314,5
20315,5
20316,1
20317,3
20318,5
20319,3
20320,4
20321,1
20322,3
20323,2
20324,4
20325,5
20326,4
20327,5
20328,5
20329,3
20330,5
20331,3
20332,2
20333,4
20334,1
20335,1
20336,4
20337,3
20338,2
20339,2
20340,2
20341,3
20342,2
20343,3
20344,3
20345,5
20346,2
20347,5
20348,3
20349,2
20350,3
20351,5
20352,2
20353,1
20354,4
20355,1
20356,1
20357,3
20358,4
20359,1
20360,3
20361,3
20362,3
20363,4
20364,2
20365,1
20366,2
20367,5
20368,3
20369,5
20370,2
20371,4
20372,3
20373,5
20374,1
20375,3
20376,3
20377,1
20378,3
20379,2
20380,1
20381,2
20382,3
20383,2
20384,1
20385,1
20386,1
20387,4
20388,4
20389,3
20390,1
20391,1
20392,3
20393,4
20394,1
20395,5
20396,3
20397,2
20398,4
20399,2
20400,1
20401,3
20402,2
20403,2
20404,1
20405,3
20406,3
20407,4
20408,1
20409,5
20410,4
20411,2
20412,3
20413,1
20414,5
20415,4
20416,2
20417,3
20418,1
20419,3
20420,4
20421,3
20422,1
20423,3
20424,5
20425,5
20426,5
20427,2
20428,2
20429,1
20430,4
20431,3
20432,5
20433,4
20434,4
20435,2
20436,3
20437,4
20438,3
20439,5
20440,3
20441,5
20442,5
20443,4
20444,5
20445,5
20446,3
20447,5
20448,2
20449,5
20450,5
20451,2
20452,1
20453,1
20454,1
20455,5
20456,1
20457,3
20458,5
20459,2
20460,4
20461,1
20462,4
20463,4
20464,4
20465,4
20466,1
20467,2
20468,5
20469,5
20470,1
20471,1
20472,2
20473,2
20474,4
20475,2
20476,3
20477,1
20478,4
20479,4
20480,5
20481,5
20482,3
20483,5
20484,2
20485,2
20486,2
20487,5
20488,5
20489,1
20490,5
20491,2
20492,3
20493,2
20494,3
20495,2
20496,5
20497,1
20498,5
20499,4
20500,5
20501,3
20502,1
20503,1
20504,4
20505,3
20506,2
20507,5
20508,2
20509,4
20510,1
20511,1
20512,3
20513,5
20514,3
20515,1
20516,4
20517,5
20518,1
20519,5
20520,1
20521,5
20522,2
20523,1
20524,2
20525,1
20526,5
20527,3
20528,1
20529,4
20530,5
20531,5
20532,3
20533,5
20534,4
20535,4
20536,4
20537,1
20538,1
20539,5
20540,3
20541,5
20542,1
20543,2
20544,2
20545,3
20546,2
20547,4
20548,3
20549,2
20550,3
20551,5
20552,3
20553,1
20554,4
20555,1
20556,3
20557,3
20558,3
20559,1
20560,1
20561,1
20562,2
20563,2
20564,5
20565,1
20566,4
20567,3
20568,2
20569,2
20570,3
20571,2
20572,4
20573,5
20574,4
20575,3
20576,5
20577,5
20578,2
20579,4
20580,4
20581,2
20582,3
20583,3
20584,4
20585,5
20586,4
20587,2
20588,3
20589,2
20590,1
20591,3
20592,4
20593,2
20594,1
20595,2
20596,5
20597,2
20598,4
20599,4
20600,2
20601,1
20602,4
20603,2
20604,2
20605,5
20606,1
20607,3
20608,5
20609,2
20610,4
20611,1
20612,3
20613,2
20614,5
20615,1
20616,3
20617,1
20618,2
20619,3
20620,2
20621,4
20622,1
20623,4
20624,5
20625,4
20626,2
20627,2
20628,4
20629,4
20630,3
20631,4
20632,1
20633,4
20634,5
20635,2
20636,1
20637,2
20638,2
20639,4
20640,5
20641,4
20642,1
20643,2
20644,1
20645,5
20646,4
20647,3
20648,4
20649,5
20650,4
20651,1
20652,4
20653,1
20654,1
20655,5
20656,2
20657,1
20658,3
20659,5
20660,1
20661,5
20662,2
20663,2
20664,5
20665,2
20666,5
20667,5
20668,4
20669,5
20670,2
20671,1
20672,5
20673,3
20674,3
20675,4
20676,2
20677,3
20678,3
20679,3
20680,1
20681,4
20682,4
20683,5
20684,5
20685,3
20686,1
20687,2
20688,4
20689,4
20690,3
20691,4
20692,5
20693,4
20694,1
20695,5
20696,2
20697,1
20698,2
20699,4
20700,4
20701,3
20702,1
20703,5
20704,3
20705,5
20706,4
20707,4
20708,1
20709,5
20710,1
20711,1
20712,5
20713,1
20714,1
20715,3
20716,1
20717,5
20718,4
20719,4
20720,2
20721,5
20722,1
20723,1
20724,2
20725,1
20726,3
20727,5
20728,2
20729,4
20730,4
20731,4
20732,1
20733,5
20734,3
20735,2
20736,4
20737,2
20738,4
20739,5
20740,3
20741,4
20742,1
20743,2
20744,5
20745,2
20746,2
20747,2
20748,2
20749,5
20750,5
20751,4
20752,3
20753,5
20754,4
20755,2
20756,1
20757,5
20758,1
20759,4
20760,5
20761,5
20762,4
20763,5
20764,2
20765,5
20766,4
20767,4
20768,3
20769,3
20770,4
20771,4
20772,5
20773,3
20774,2
20775,1
20776,4
20777,5
20778,4
20779,2
20780,3
20781,4
20782,4
20783,5
20784,5
20785,1
20786,4
20787,2
20788,2
20789,1
20790,2
20791,5
20792,1
20793,4
20794,4
20795,1
20796,3
20797,5
20798,3
20799,4
20800,5
20801,1
20802,3
20803,2
20804,4
20805,2
20806,1
20807,1
20808,1
20809,3
20810,4
20811,4
20812,3
20813,2
20814,3
20815,1
20816,3
20817,1
20818,4
20819,4
20820,1
20821,2
20822,2
20823,2
20824,4
20825,3
20826,5
20827,2
20828,5
20829,1
20830,5
20831,2
20832,2
20833,5
20834,3
20835,3
20836,3
20837,5
20838,2
20839,3
20840,3
20841,1
20842,1
20843,5
20844,3
20845,5
20846,5
20847,1
20848,3
20849,5
20850,2
20851,1
20852,3
20853,4
20854,3
20855,4
20856,2
20857,1
20858,1
20859,2
20860,4
20861,2
20862,4
20863,3
20864,4
20865,2
20866,2
20867,1
20868,1
20869,1
20870,4
20871,1
20872,5
20873,1
20874,2
20875,2
20876,5
20877,5
20878,4
20879,5
20880,1
20881,4
20882,3
20883,1
20884,2
20885,5
20886,3
20887,5
20888,3
20889,3
20890,1
20891,5
20892,3
20893,4
20894,1
20895,4
20896,1
20897,1
20898,2
20899,2
20900,4
20901,2
20902,3
20903,5
20904,2
20905,3
20906,4
20907,3
20908,3
20909,3
20910,4
20911,3
20912,4
20913,1
20914,3
20915,3
20916,4
20917,3
20918,2
20919,3
20920,1
20921,1
20922,5
20923,1
20924,2
20925,2
20926,3
20927,1
20928,4
20929,5
20930,2
20931,5
20932,4
20933,3
20934,5
20935,1
20936,3
20937,5
20938,3
20939,4
20940,2
20941,1
20942,5
20943,4
20944,1
20945,5
20946,4
20947,2
20948,4
20949,4
20950,5
20951,2
20952,1
20953,4
20954,5
20955,5
20956,1
20957,5
20958,4
20959,4
20960,2
20961,4
20962,2
20963,2
20964,2
20965,4
20966,5
20967,2
20968,3
20969,2
20970,1
20971,4
20972,1
20973,2
20974,5
20975,1
20976,4
20977,5
20978,4
20979,3
20980,4
20981,5
20982,3
20983,4
20984,5
20985,3
20986,5
20987,2
20988,2
20989,3
20990,3
20991,4
20992,5
20993,5
20994,2
20995,3
20996,3
20997,4
20998,1
20999,5
21000,4
21001,3
21002,5
21003,3
21004,1
21005,5
21006,5
21007,4
21008,1
21009,4
21010,1
21011,3
21012,3
21013,2
21014,4
21015,2
21016,2
21017,1
21018,3
21019,4
21020,5
21021,2
21022,1
21023,4
21024,2
21025,3
21026,3
21027,1
21028,2
21029,3
21030,3
21031,5
21032,4
21033,4
21034,2
21035,3
21036,3
21037,2
21038,2
21039,5
21040,4
21041,2
21042,2
21043,1
21044,2
21045,2
21046,5
21047,4
21048,1
21049,1
21050,5
21051,2
21052,1
21053,2
21054,5
21055,1
21056,2
21057,5
21058,3
21059,4
21060,5
21061,3
21062,1
21063,3
21064,4
21065,1
21066,4
21067,2
21068,3
21069,3
21070,4
21071,1
21072,5
21073,2
21074,2
21075,5
21076,4
21077,4
21078,4
21079,2
21080,1
21081,4
21082,4
21083,5
21084,5
21085,2
21086,3
21087,5
21088,3
21089,4
21090,2
21091,4
21092,5
21093,1
21094,3
21095,1
21096,3
21097,1
21098,2
21099,2
21100,5
21101,2
21102,5
21103,1
21104,3
21105,1
21106,2
21107,1
21108,3
21109,5
21110,2
21111,3
21112,4
21113,3
21114,2
21115,2
21116,5
21117,1
21118,2
21119,3
21120,1
21121,2
21122,3
21123,2
21124,5
21125,3
21126,3
21127,3
21128,3
21129,3
21130,3
21131,2
21132,5
21133,5
21134,2
21135,1
21136,5
21137,4
21138,1
21139,4
21140,1
21141,1
21142,3
21143,5
21144,2
21145,3
21146,3
21147,2
21148,2
21149,4
21150,3
21151,4
21152,2
21153,4
21154,5
21155,5
21156,1
21157,5
21158,1
21159,4
21160,1
21161,2
21162,3
21163,3
21164,3
21165,1
21166,1
21167,5
21168,4
21169,4
21170,1
21171,1
21172,1
21173,1
21174,5
21175,5
21176,3
21177,1
21178,3
21179,3
21180,1
21181,5
21182,5
21183,4
21184,5
21185,3
21186,4
21187,3
21188,4
21189,3
21190,4
21191,1
21192,2
21193,3
21194,3
21195,3
21196,5
21197,5
21198,1
21199,3
21200,5
21201,3
21202,3
21203,4
21204,4
21205,2
21206,5
21207,1
21208,2
21209,4
21210,3
21211,5
21212,1
21213,5
21214,5
21215,1
21216,5
21217,3
21218,1
21219,3
21220,5
21221,1
21222,5
21223,4
21224,4
21225,4
21226,1
21227,3
21228,5
21229,2
21230,5
21231,3
21232,4
21233,1
21234,3
21235,5
21236,5
21237,4
21238,4
21239,4
21240,4
21241,5
21242,2
21243,5
21244,2
21245,1
21246,2
21247,5
21248,1
21249,2
21250,1
21251,1
21252,3
21253,5
21254,3
21255,1
21256,1
21257,5
21258,4
21259,2
21260,2
21261,3
21262,4
21263,4
21264,3
21265,5
21266,3
21267,4
21268,3
21269,2
21270,1
21271,1
21272,5
21273,2
21274,4
21275,3
21276,4
21277,4
21278,2
21279,5
21280,3
21281,4
21282,2
21283,2
21284,3
21285,1
21286,5
21287,1
21288,5
21289,4
21290,3
21291,1
21292,5
21293,2
21294,1
21295,5
21296,5
21297,1
21298,1
21299,2
21300,5
21301,3
21302,5
21303,4
21304,3
21305,1
21306,5
21307,3
21308,3
21309,3
21310,3
21311,5
21312,3
21313,3
21314,3
21315,2
21316,5
21317,1
21318,3
21319,1
21320,3
21321,5
21322,3
21323,2
21324,4
21325,3
21326,5
21327,1
21328,1
21329,2
21330,3
21331,5
21332,2
21333,3
21334,2
21335,1
21336,1
21337,1
21338,5
21339,2
21340,1
21341,3
21342,2
21343,2
21344,3
21345,1
21346,3
21347,2
21348,4
21349,2
21350,2
21351,2
21352,5
21353,2
21354,3
21355,3
21356,3
21357,4
21358,5
21359,4
21360,1
21361,4
21362,2
21363,1
21364,4
21365,4
21366,2
21367,2
21368,3
21369,4
21370,2
21371,1
21372,2
21373,2
21374,2
21375,2
21376,5
21377,2
21378,5
21379,4
21380,3
21381,1
21382,3
21383,4
21384,1
21385,3
21386,3
21387,5
21388,5
21389,1
21390,4
21391,2
21392,1
21393,3
21394,4
21395,3
21396,4
21397,4
21398,1
21399,4
21400,3
21401,4
21402,4
21403,4
21404,4
21405,3
21406,3
21407,5
21408,5
21409,2
21410,3
21411,5
21412,5
21413,2
21414,2
21415,1
21416,3
21417,4
21418,5
21419,4
21420,1
21421,2
21422,3
21423,3
21424,2
21425,2
21426,1
21427,3
21428,5
21429,4
21430,3
21431,2
21432,4
21433,5
21434,4
21435,3
21436,2
21437,4
21438,1
21439,1
21440,4
21441,4
21442,3
21443,4
21444,3
21445,5
21446,5
21447,4
21448,2
21449,1
21450,1
21451,2
21452,1
21453,3
21454,2
21455,1
21456,4
21457,4
21458,4
21459,2
21460,1
21461,2
21462,2
21463,2
21464,4
21465,2
21466,1
21467,2
21468,4
21469,3
21470,5
21471,4
21472,2
21473,1
21474,5
21475,1
21476,1
21477,1
21478,2
21479,5
21480,1
21481,3
21482,1
21483,4
21484,1
21485,3
21486,1
21487,4
21488,1
21489,5
21490,5
21491,2
21492,2
21493,2
21494,5
21495,5
21496,5
21497,4
21498,5
21499,3
21500,4
21501,4
21502,3
21503,2
21504,2
21505,2
21506,3
21507,4
21508,4
21509,1
21510,5
21511,3
21512,4
21513,1
21514,2
21515,2
21516,4
21517,1
21518,4
21519,4
21520,3
21521,5
21522,2
21523,3
21524,4
21525,2
21526,1
21527,1
21528,4
21529,2
21530,5
21531,5
21532,5
21533,3
21534,1
21535,5
21536,5
21537,1
21538,5
21539,4
21540,5
21541,5
21542,2
21543,4
21544,2
21545,4
21546,3
21547,5
21548,5
21549,1
21550,1
21551,3
21552,4
21553,5
21554,5
21555,3
21556,1
21557,5
21558,2
21559,5
21560,5
21561,3
21562,5
21563,1
21564,5
21565,5
21566,2
21567,2
21568,2
21569,4
21570,2
21571,4
21572,2
21573,1
21574,2
21575,5
21576,2
21577,1
21578,4
21579,3
21580,4
21581,1
21582,2
21583,3
21584,1
21585,5
21586,3
21587,1
21588,1
21589,5
21590,1
21591,1
21592,5
21593,2
21594,1
21595,1
21596,2
21597,1
21598,4
21599,2
21600,3
21601,4
21602,4
21603,5
21604,4
21605,4
21606,5
21607,2
21608,3
21609,2
21610,5
21611,3
21612,4
21613,5
21614,2
21615,1
21616,2
21617,1
21618,2
21619,5
21620,5
21621,3
21622,2
21623,3
21624,4
21625,3
21626,1
21627,3
21628,2
21629,4
21630,1
21631,1
21632,4
21633,1
21634,4
21635,2
21636,1
21637,4
21638,3
21639,2
21640,1
21641,2
21642,4
21643,2
21644,4
21645,3
21646,1
21647,1
21648,1
21649,2
21650,1
21651,4
21652,4
21653,3
21654,5
21655,5
21656,3
21657,2
21658,2
21659,1
21660,3
21661,4
21662,3
21663,5
21664,2
21665,1
21666,1
21667,5
21668,1
21669,3
21670,2
21671,5
21672,5
21673,5
21674,5
21675,5
21676,2
21677,4
21678,4
21679,4
21680,2
21681,3
21682,1
21683,4
21684,5
21685,2
21686,3
21687,2
21688,1
21689,2
21690,2
21691,5
21692,3
21693,5
21694,2
21695,5
21696,2
21697,1
21698,1
21699,1
21700,2
21701,3
21702,2
21703,2
21704,3
21705,1
21706,4
21707,2
21708,3
21709,3
21710,3
21711,1
21712,4
21713,5
21714,3
21715,3
21716,1
21717,2
21718,2
21719,3
21720,1
21721,2
21722,4
21723,2
21724,3
21725,1
21726,5
21727,2
21728,2
21729,2
21730,5
21731,4
21732,3
21733,5
21734,2
21735,3
21736,2
21737,3
21738,2
21739,5
21740,3
21741,4
21742,4
21743,3
21744,2
21745,4
21746,1
21747,3
21748,2
21749,2
21750,3
21751,4
21752,3
21753,5
21754,2
21755,1
21756,3
21757,3
21758,2
21759,5
21760,1
21761,5
21762,4
21763,2
21764,1
21765,4
21766,3
21767,5
21768,1
21769,2
21770,5
21771,2
21772,4
21773,5
21774,3
21775,1
21776,5
21777,4
21778,5
21779,3
21780,2
21781,5
21782,1
21783,4
21784,3
21785,5
21786,5
21787,4
21788,2
21789,1
21790,3
21791,4
21792,5
21793,4
21794,2
21795,5
21796,3
21797,3
21798,4
21799,4
21800,1
21801,5
21802,5
21803,4
21804,2
21805,4
21806,2
21807,2
21808,5
21809,3
21810,5
21811,4
21812,1
21813,4
21814,1
21815,3
21816,1
21817,2
21818,5
21819,5
21820,5
21821,5
21822,2
21823,3
21824,2
21825,2
21826,3
21827,2
21828,4
21829,4
21830,1
21831,2
21832,5
21833,5
21834,5
21835,3
21836,4
21837,3
21838,2
21839,5
21840,2
21841,1
21842,3
21843,3
21844,5
21845,2
21846,4
21847,1
21848,3
21849,1
21850,4
21851,1
21852,5
21853,4
21854,1
21855,4
21856,2
21857,4
21858,1
21859,4
21860,1
21861,3
21862,4
21863,1
21864,4
21865,4
21866,4
21867,1
21868,2
21869,2
21870,5
21871,1
21872,1
21873,3
21874,2
21875,5
21876,1
21877,5
21878,2
21879,2
21880,5
21881,2
21882,2
21883,4
21884,4
21885,3
21886,1
21887,5
21888,5
21889,3
21890,5
21891,3
21892,1
21893,2
21894,4
21895,1
21896,4
21897,4
21898,5
21899,5
21900,2
21901,2
21902,1
21903,2
21904,3
21905,1
21906,4
21907,1
21908,5
21909,1
21910,5
21911,3
21912,1
21913,5
21914,2
21915,2
21916,3
21917,4
21918,5
21919,2
21920,2
21921,5
21922,3
21923,3
21924,1
21925,5
21926,3
21927,1
21928,1
21929,1
21930,1
21931,2
21932,2
21933,3
21934,1
21935,2
21936,2
21937,3
21938,2
21939,3
21940,3
21941,5
21942,2
21943,4
21944,5
21945,2
21946,1
21947,5
21948,5
21949,4
21950,4
21951,5
21952,4
21953,3
21954,4
21955,4
21956,2
21957,3
21958,1
21959,5
21960,5
21961,1
21962,4
21963,1
21964,1
21965,5
21966,1
21967,2
21968,2
21969,4
21970,2
21971,2
21972,2
21973,4
21974,4
21975,3
21976,4
21977,2
21978,3
21979,1
21980,5
21981,2
21982,4
21983,4
21984,3
21985,2
21986,3
21987,1
21988,5
21989,3
21990,1
21991,5
21992,3
21993,2
21994,1
21995,1
21996,5
21997,5
21998,4
21999,1
22000,4
22001,3
22002,2
22003,3
22004,5
22005,3
22006,5
22007,2
22008,4
22009,4
22010,5
22011,5
22012,5
22013,4
22014,3
22015,4
22016,3
22017,2
22018,5
22019,2
22020,1
22021,3
22022,1
22023,4
22024,3
22025,3
22026,2
22027,2
22028,5
22029,1
22030,4
22031,3
22032,2
22033,5
22034,2
22035,4
22036,3
22037,3
22038,5
22039,5
22040,2
22041,1
22042,4
22043,3
22044,2
22045,5
22046,3
22047,2
22048,3
22049,4
22050,3
22051,1
22052,1
22053,2
22054,5
22055,3
22056,5
22057,3
22058,3
22059,1
22060,3
22061,4
22062,5
22063,2
22064,1
22065,5
22066,2
22067,3
22068,5
22069,4
22070,5
22071,3
22072,1
22073,4
22074,3
22075,5
22076,1
22077,1
22078,3
22079,5
22080,4
22081,2
22082,4
22083,4
22084,4
22085,4
22086,4
22087,1
22088,4
22089,5
22090,1
22091,4
22092,4
22093,3
22094,4
22095,1
22096,4
22097,1
22098,2
22099,1
22100,1
22101,5
22102,3
22103,4
22104,5
22105,5
22106,2
22107,1
22108,3
22109,5
22110,5
22111,3
22112,1
22113,4
22114,4
22115,4
22116,1
22117,1
22118,2
22119,3
22120,2
22121,2
22122,3
22123,4
22124,4
22125,3
22126,4
22127,1
22128,5
22129,5
22130,3
22131,4
22132,2
22133,5
22134,1
22135,2
22136,1
22137,5
22138,1
22139,4
22140,4
22141,1
22142,5
22143,5
22144,1
22145,5
22146,1
22147,5
22148,3
22149,1
22150,5
22151,1
22152,3
22153,1
22154,2
22155,4
22156,5
22157,1
22158,5
22159,5
22160,5
22161,5
22162,3
22163,5
22164,4
22165,4
22166,5
22167,3
22168,3
22169,2
22170,1
22171,3
22172,5
22173,3
22174,4
22175,3
22176,2
22177,5
22178,5
22179,2
22180,4
22181,1
22182,5
22183,4
22184,5
22185,3
22186,4
22187,3
22188,2
22189,1
22190,4
22191,4
22192,1
22193,2
22194,3
22195,2
22196,5
22197,3
22198,5
22199,4
22200,5
22201,5
22202,4
22203,2
22204,4
22205,1
22206,5
22207,4
22208,3
22209,3
22210,1
22211,5
22212,1
22213,2
22214,1
22215,5
22216,5
22217,5
22218,4
22219,1
22220,3
22221,2
22222,5
22223,1
22224,1
22225,4
22226,1
22227,4
22228,3
22229,4
22230,1
22231,2
22232,4
22233,1
22234,3
22235,4
22236,1
22237,4
22238,2
22239,1
22240,2
22241,2
22242,3
22243,3
22244,1
22245,5
22246,4
22247,2
22248,3
22249,5
22250,3
22251,4
22252,4
22253,2
22254,3
22255,3
22256,5
22257,5
22258,2
22259,4
22260,4
22261,5
22262,1
22263,4
22264,1
22265,2
22266,3
22267,1
22268,5
22269,1
22270,4
22271,4
22272,3
22273,1
22274,3
22275,4
22276,2
22277,5
22278,5
22279,2
22280,5
22281,5
22282,3
22283,4
22284,5
22285,1
22286,1
22287,5
22288,3
22289,3
22290,4
22291,4
22292,2
22293,2
22294,2
22295,3
22296,5
22297,3
22298,1
22299,5
22300,3
22301,4
22302,3
22303,4
22304,2
22305,2
22306,3
22307,3
22308,2
22309,5
22310,1
22311,2
22312,1
22313,2
22314,1
22315,3
22316,4
22317,1
22318,1
22319,1
22320,1
22321,3
22322,1
22323,1
22324,2
22325,5
22326,5
22327,2
22328,1
22329,3
22330,2
22331,2
22332,4
22333,5
22334,1
22335,5
22336,5
22337,4
22338,3
22339,3
22340,2
22341,4
22342,2
22343,2
22344,5
22345,4
22346,2
22347,4
22348,4
22349,1
22350,3
22351,1
22352,1
22353,5
22354,2
22355,3
22356,2
22357,2
22358,4
22359,1
22360,2
22361,2
22362,2
22363,1
22364,5
22365,5
22366,2
22367,4
22368,4
22369,4
22370,4
22371,5
22372,2
22373,4
22374,4
22375,5
22376,1
22377,5
22378,2
22379,1
22380,5
22381,5
22382,2
22383,2
22384,2
22385,4
22386,3
22387,1
22388,3
22389,1
22390,1
22391,2
22392,4
22393,3
22394,1
22395,4
22396,4
22397,3
22398,4
22399,3
22400,2
22401,4
22402,2
22403,2
22404,5
22405,5
22406,5
22407,2
22408,5
22409,4
22410,2
22411,5
22412,3
22413,2
22414,3
22415,2
22416,2
22417,2
22418,1
22419,3
22420,1
22421,3
22422,1
22423,5
22424,3
22425,5
22426,4
22427,5
22428,4
22429,5
22430,4
22431,4
22432,5
22433,5
22434,5
22435,2
22436,3
22437,5
22438,1
22439,4
22440,4
22441,4
22442,2
22443,5
22444,5
22445,3
22446,5
22447,4
22448,1
22449,3
22450,3
22451,4
22452,5
22453,4
22454,2
22455,1
22456,5
22457,5
22458,4
22459,3
22460,5
22461,4
22462,3
22463,3
22464,5
22465,4
22466,5
22467,1
22468,3
22469,1
22470,2
22471,1
22472,1
22473,1
22474,5
22475,1
22476,3
22477,3
22478,5
22479,5
22480,3
22481,4
22482,3
22483,5
22484,2
22485,1
22486,1
22487,4
22488,3
22489,4
22490,4
22491,2
22492,1
22493,2
22494,3
22495,4
22496,5
22497,1
22498,3
22499,5
22500,3
22501,1
22502,4
22503,4
22504,5
22505,2
22506,1
22507,1
22508,4
22509,2
22510,3
22511,1
22512,3
22513,3
22514,4
22515,3
22516,1
22517,2
22518,5
22519,3
22520,3
22521,4
22522,5
22523,4
22524,1
22525,5
22526,1
22527,2
22528,3
22529,3
22530,3
22531,4
22532,2
22533,4
22534,2
22535,5
22536,5
22537,4
22538,3
22539,3
22540,1
22541,4
22542,5
22543,5
22544,1
22545,1
22546,1
22547,5
22548,5
22549,2
22550,4
22551,3
22552,4
22553,3
22554,4
22555,2
22556,3
22557,3
22558,1
22559,3
22560,2
22561,3
22562,2
22563,2
22564,1
22565,5
22566,2
22567,2
22568,2
22569,5
22570,2
22571,5
22572,4
22573,1
22574,2
22575,1
22576,4
22577,1
22578,3
22579,4
22580,5
22581,2
22582,2
22583,1
22584,2
22585,3
22586,1
22587,4
22588,1
22589,3
22590,5
22591,2
22592,2
22593,1
22594,4
22595,1
22596,2
22597,4
22598,5
22599,1
22600,5
22601,5
22602,3
22603,5
22604,2
22605,1
22606,4
22607,5
22608,2
22609,2
22610,4
22611,2
22612,2
22613,4
22614,4
22615,5
22616,4
22617,4
22618,2
22619,2
22620,5
22621,3
22622,1
22623,4
22624,4
22625,1
22626,2
22627,4
22628,2
22629,1
22630,1
22631,5
22632,5
22633,4
22634,3
22635,2
22636,1
22637,5
22638,2
22639,5
22640,4
22641,4
22642,2
22643,1
22644,2
22645,4
22646,3
22647,1
22648,5
22649,2
22650,4
22651,2
22652,1
22653,2
22654,1
22655,5
22656,2
22657,5
22658,2
22659,5
22660,4
22661,3
22662,4
22663,1
22664,1
22665,2
22666,2
22667,2
22668,1
22669,5
22670,1
22671,1
22672,4
22673,5
22674,1
22675,3
22676,1
22677,1
22678,3
22679,2
22680,4
22681,2
22682,3
22683,5
22684,2
22685,2
22686,5
22687,4
22688,5
22689,3
22690,2
22691,1
22692,4
22693,3
22694,3
22695,1
22696,1
22697,3
22698,4
22699,4
22700,3
22701,2
22702,4
22703,2
22704,1
22705,2
22706,4
22707,2
22708,5
22709,4
22710,1
22711,2
22712,1
22713,4
22714,5
22715,2
22716,2
22717,3
22718,1
22719,5
22720,2
22721,5
22722,5
22723,2
22724,3
22725,3
22726,2
22727,4
22728,2
22729,3
22730,3
22731,2
22732,4
22733,3
22734,5
22735,4
22736,5
22737,4
22738,3
22739,4
22740,1
22741,1
22742,3
22743,4
22744,1
22745,5
22746,3
22747,2
22748,4
22749,5
22750,4
22751,3
22752,1
22753,5
22754,3
22755,5
22756,1
22757,3
22758,3
22759,4
22760,5
22761,5
22762,4
22763,1
22764,1
22765,5
22766,5
22767,4
22768,4
22769,2
22770,2
22771,5
22772,3
22773,5
22774,4
22775,1
22776,3
22777,2
22778,4
22779,5
22780,3
22781,5
22782,4
22783,5
22784,2
22785,5
22786,5
22787,1
22788,2
22789,4
22790,3
22791,2
22792,2
22793,3
22794,4
22795,1
22796,1
22797,4
22798,5
22799,3
22800,4
22801,4
22802,4
22803,4
22804,1
22805,3
22806,3
22807,2
22808,1
22809,5
22810,4
22811,4
22812,3
22813,5
22814,4
22815,5
22816,2
22817,4
22818,2
22819,4
22820,4
22821,5
22822,2
22823,5
22824,5
22825,5
22826,4
22827,5
22828,2
22829,2
22830,3
22831,4
22832,1
22833,2
22834,5
22835,2
22836,4
22837,1
22838,3
22839,4
22840,3
22841,3
22842,5
22843,5
22844,2
22845,3
22846,5
22847,2
22848,5
22849,5
22850,4
22851,2
22852,5
22853,5
22854,5
22855,2
22856,2
22857,1
22858,1
22859,3
22860,3
22861,1
22862,4
22863,4
22864,1
22865,2
22866,4
22867,2
22868,2
22869,1
22870,4
22871,2
22872,5
22873,4
22874,1
22875,5
22876,1
22877,1
22878,3
22879,1
22880,2
22881,2
22882,2
22883,3
22884,2
22885,2
22886,5
22887,2
22888,3
22889,3
22890,3
22891,3
22892,3
22893,5
22894,3
22895,1
22896,2
22897,1
22898,4
22899,2
22900,4
22901,1
22902,3
22903,1
22904,4
22905,3
22906,3
22907,3
22908,3
22909,1
22910,2
22911,4
22912,4
22913,1
22914,5
22915,1
22916,1
22917,2
22918,3
22919,2
22920,5
22921,5
22922,1
22923,4
22924,3
22925,1
22926,1
22927,3
22928,5
22929,2
22930,3
22931,4
22932,4
22933,5
22934,1
22935,1
22936,4
22937,2
22938,2
22939,1
22940,2
22941,2
22942,4
22943,3
22944,1
22945,1
22946,5
22947,3
22948,1
22949,3
22950,3
22951,1
22952,2
22953,2
22954,5
22955,5
22956,5
22957,1
22958,2
22959,2
22960,3
22961,4
22962,4
22963,1
22964,2
22965,4
22966,4
22967,2
22968,3
22969,2
22970,5
22971,4
22972,4
22973,2
22974,4
22975,1
22976,2
22977,3
22978,4
22979,3
22980,5
22981,1
22982,5
22983,5
22984,2
22985,1
22986,4
22987,4
22988,2
22989,3
22990,1
22991,4
22992,3
22993,1
22994,3
22995,3
22996,5
22997,2
22998,5
22999,5
23000,3
23001,3
23002,1
23003,5
23004,2
23005,3
23006,1
23007,5
23008,5
23009,4
23010,2
23011,3
23012,1
23013,5
23014,2
23015,2
23016,1
23017,3
23018,5
23019,1
23020,3
23021,2
23022,2
23023,1
23024,4
23025,4
23026,5
23027,1
23028,3
23029,4
23030,4
23031,4
23032,3
23033,2
23034,5
23035,1
23036,2
23037,5
23038,3
23039,4
23040,4
23041,1
23042,4
23043,4
23044,5
23045,1
23046,3
23047,4
23048,2
23049,5
23050,2
23051,1
23052,1
23053,1
23054,3
23055,1
23056,1
23057,3
23058,2
23059,1
23060,3
23061,5
23062,4
23063,1
23064,4
23065,1
23066,4
23067,5
23068,3
23069,5
23070,5
23071,1
23072,4
23073,1
23074,4
23075,2
23076,3
23077,4
23078,2
23079,5
23080,2
23081,4
23082,3
23083,5
23084,1
23085,4
23086,1
23087,3
23088,1
23089,3
23090,2
23091,1
23092,3
23093,4
23094,4
23095,4
23096,5
23097,4
23098,2
23099,5
23100,1
23101,3
23102,4
23103,2
23104,4
23105,5
23106,2
23107,3
23108,2
23109,1
23110,3
23111,4
23112,4
23113,3
23114,5
23115,3
23116,3
23117,4
23118,5
23119,4
23120,1
23121,3
23122,1
23123,1
23124,1
23125,1
23126,3
23127,1
23128,1
23129,5
23130,5
23131,4
23132,1
23133,3
23134,5
23135,4
23136,5
23137,3
23138,4
23139,1
23140,4
23141,3
23142,5
23143,5
23144,2
23145,2
23146,2
23147,5
23148,4
23149,3
23150,5
23151,2
23152,4
23153,4
23154,1
23155,5
23156,5
23157,1
23158,3
23159,2
23160,4
23161,4
23162,4
23163,4
23164,2
23165,2
23166,4
23167,4
23168,5
23169,1
23170,2
23171,2
23172,3
23173,4
23174,4
23175,5
23176,3
23177,5
23178,4
23179,2
23180,4
23181,3
23182,2
23183,2
23184,1
23185,2
23186,3
23187,5
23188,3
23189,3
23190,4
23191,3
23192,1
23193,2
23194,1
23195,1
23196,5
23197,3
23198,3
23199,2
23200,2
23201,1
23202,1
23203,1
23204,1
23205,3
23206,2
23207,4
23208,3
23209,5
23210,4
23211,5
23212,3
23213,5
23214,4
23215,5
23216,4
23217,5
23218,2
23219,1
23220,3
23221,4
23222,4
23223,4
23224,5
23225,2
23226,4
23227,2
23228,5
23229,2
23230,4
23231,1
23232,5
23233,2
23234,4
23235,4
23236,5
23237,1
23238,5
23239,3
23240,4
23241,1
23242,1
23243,2
23244,4
23245,3
23246,5
23247,2
23248,1
23249,3
23250,4
23251,2
23252,5
23253,3
23254,3
23255,3
23256,5
23257,3
23258,2
23259,1
23260,2
23261,1
23262,2
23263,5
23264,2
23265,3
23266,1
23267,1
23268,4
23269,4
23270,5
23271,1
23272,5
23273,3
23274,2
23275,1
23276,4
23277,1
23278,1
23279,1
23280,2
23281,2
23282,4
23283,1
23284,4
23285,3
23286,5
23287,2
23288,1
23289,3
23290,1
23291,5
23292,4
23293,5
23294,4
23295,2
23296,1
23297,1
23298,2
23299,3
23300,4
23301,1
23302,3
23303,3
23304,1
23305,5
23306,1
23307,1
23308,3
23309,5
23310,1
23311,1
23312,3
23313,3
23314,4
23315,2
23316,4
23317,3
23318,2
23319,2
23320,2
23321,3
23322,5
23323,2
23324,1
23325,5
23326,3
23327,1
23328,3
23329,5
23330,1
23331,1
23332,5
23333,3
23334,4
23335,3
23336,2
23337,5
23338,2
23339,5
23340,5
23341,2
23342,1
23343,3
23344,1
23345,2
23346,3
23347,4
23348,5
23349,3
23350,1
23351,2
23352,5
23353,4
23354,5
23355,4
23356,3
23357,4
23358,5
23359,4
23360,4
23361,4
23362,1
23363,1
23364,4
23365,1
23366,3
23367,4
23368,2
23369,1
23370,2
23371,5
23372,1
23373,5
23374,5
23375,4
23376,2
23377,4
23378,1
23379,1
23380,2
23381,2
23382,4
23383,1
23384,1
23385,5
23386,4
23387,1
23388,3
23389,4
23390,3
23391,4
23392,4
23393,4
23394,1
23395,4
23396,2
23397,5
23398,2
23399,5
23400,1
23401,5
23402,2
23403,2
23404,1
23405,4
23406,2
23407,4
23408,4
23409,3
23410,1
23411,5
23412,2
23413,2
23414,1
23415,2
23416,2
23417,3
23418,4
23419,3
23420,1
23421,4
23422,5
23423,5
23424,5
23425,2
23426,2
23427,1
23428,4
23429,1
23430,4
23431,3
23432,4
23433,2
23434,4
23435,1
23436,2
23437,4
23438,3
23439,4
23440,4
23441,2
23442,1
23443,5
23444,3
23445,5
23446,1
23447,4
23448,5
23449,2
23450,5
23451,2
23452,4
23453,2
23454,5
23455,1
23456,4
23457,2
23458,5
23459,3
23460,1
23461,4
23462,4
23463,4
23464,5
23465,1
23466,2
23467,2
23468,2
23469,2
23470,3
23471,1
23472,2
23473,1
23474,1
23475,2
23476,4
23477,3
23478,3
23479,4
23480,2
23481,4
23482,4
23483,3
23484,4
23485,1
23486,5
23487,5
23488,5
23489,3
23490,3
23491,4
23492,5
23493,2
23494,4
23495,5
23496,2
23497,2
23498,5
23499,1
23500,5
23501,2
23502,2
23503,4
23504,3
23505,4
23506,1
23507,3
23508,4
23509,4
23510,2
23511,5
23512,2
23513,5
23514,4
23515,1
23516,2
23517,3
23518,1
23519,5
23520,4
23521,4
23522,3
23523,1
23524,4
23525,5
23526,1
23527,2
23528,4
23529,3
23530,2
23531,5
23532,1
23533,1
23534,5
23535,1
23536,1
23537,1
23538,2
23539,4
23540,1
23541,5
23542,3
23543,4
23544,5
23545,4
23546,1
23547,5
23548,3
23549,5
23550,5
23551,4
23552,1
23553,1
23554,3
23555,3
23556,1
23557,2
23558,1
23559,3
23560,3
23561,1
23562,3
23563,2
23564,1
23565,4
23566,4
23567,1
23568,3
23569,4
23570,3
23571,3
23572,5
23573,1
23574,3
23575,3
23576,4
23577,4
23578,5
23579,1
23580,4
23581,4
23582,5
23583,3
23584,4
23585,3
23586,4
23587,5
23588,4
23589,4
23590,5
23591,3
23592,3
23593,4
23594,5
23595,2
23596,4
23597,2
23598,2
23599,4
23600,3
23601,4
23602,1
23603,1
23604,3
23605,4
23606,5
23607,3
23608,1
23609,4
23610,5
23611,2
23612,2
23613,1
23614,5
23615,4
23616,3
23617,5
23618,2
23619,2
23620,1
23621,1
23622,4
23623,3
23624,3
23625,5
23626,2
23627,2
23628,2
23629,4
23630,5
23631,3
23632,5
23633,1
23634,3
23635,1
23636,2
23637,3
23638,4
23639,1
23640,3
23641,3
23642,4
23643,4
23644,1
23645,4
23646,4
23647,4
23648,2
23649,3
23650,2
23651,2
23652,1
23653,2
23654,5
23655,2
23656,4
23657,4
23658,1
23659,4
23660,1
23661,1
23662,3
23663,2
23664,5
23665,2
23666,3
23667,4
23668,2
23669,4
23670,1
23671,3
23672,1
23673,4
23674,1
23675,3
23676,4
23677,2
23678,2
23679,4
23680,4
23681,2
23682,2
23683,3
23684,5
23685,2
23686,4
23687,2
23688,5
23689,5
23690,4
23691,1
23692,1
23693,4
23694,4
23695,1
23696,2
23697,2
23698,3
23699,2
23700,1
23701,2
23702,3
23703,2
23704,5
23705,5
23706,2
23707,5
23708,4
23709,4
23710,3
23711,5
23712,4
23713,5
23714,3
23715,2
23716,4
23717,1
23718,4
23719,1
23720,2
23721,5
23722,1
23723,1
23724,3
23725,5
23726,3
23727,1
23728,4
23729,1
23730,1
23731,1
23732,5
23733,1
23734,1
23735,2
23736,2
23737,5
23738,1
23739,1
23740,2
23741,4
23742,1
23743,1
23744,2
23745,4
23746,4
23747,2
23748,3
23749,2
23750,2
23751,3
23752,1
23753,1
23754,1
23755,2
23756,5
23757,1
23758,3
23759,2
23760,1
23761,1
23762,3
23763,1
23764,2
23765,1
23766,4
23767,2
23768,4
23769,4
23770,5
23771,3
23772,1
23773,5
23774,2
23775,5
23776,3
23777,2
23778,3
23779,4
23780,2
23781,3
23782,5
23783,5
23784,4
23785,3
23786,3
23787,3
23788,2
23789,4
23790,2
23791,5
23792,3
23793,3
23794,3
23795,3
23796,4
23797,3
23798,3
23799,4
23800,1
23801,5
23802,2
23803,2
23804,2
23805,1
23806,1
23807,2
23808,4
23809,1
23810,3
23811,1
23812,4
23813,1
23814,2
23815,5
23816,3
23817,5
23818,2
23819,2
23820,1
23821,5
23822,2
23823,5
23824,4
23825,2
23826,1
23827,4
23828,1
23829,4
23830,2
23831,3
23832,4
23833,3
23834,5
23835,1
23836,4
23837,5
23838,2
23839,4
23840,4
23841,5
23842,2
23843,4
23844,2
23845,5
23846,4
23847,1
23848,1
23849,1
23850,1
23851,4
23852,4
23853,1
23854,1
23855,4
23856,3
23857,2
23858,4
23859,3
23860,1
23861,5
23862,5
23863,3
23864,1
23865,5
23866,5
23867,5
23868,2
23869,1
23870,2
23871,4
23872,5
23873,2
23874,2
23875,3
23876,1
23877,5
23878,3
23879,1
23880,2
23881,5
23882,2
23883,4
23884,4
23885,1
23886,2
23887,1
23888,3
23889,5
23890,4
23891,1
23892,4
23893,4
23894,2
23895,1
23896,2
23897,3
23898,4
23899,2
23900,2
23901,4
23902,5
23903,3
23904,2
23905,1
23906,2
23907,2
23908,4
23909,4
23910,2
23911,3
23912,3
23913,3
23914,1
23915,1
23916,5
23917,5
23918,3
23919,2
23920,5
23921,2
23922,3
23923,3
23924,4
23925,2
23926,2
23927,2
23928,3
23929,2
23930,4
23931,4
23932,4
23933,4
23934,5
23935,2
23936,1
23937,4
23938,4
23939,4
23940,1
23941,2
23942,3
23943,2
23944,5
23945,3
23946,1
23947,2
23948,1
23949,3
23950,4
23951,4
23952,1
23953,2
23954,4
23955,2
23956,2
23957,3
23958,1
23959,3
23960,1
23961,2
23962,3
23963,5
23964,2
23965,3
23966,3
23967,2
23968,2
23969,5
23970,3
23971,3
23972,2
23973,2
23974,2
23975,1
23976,5
23977,3
23978,4
23979,3
23980,5
23981,5
23982,2
23983,1
23984,1
23985,4
23986,5
23987,2
23988,2
23989,5
23990,2
23991,1
23992,2
23993,4
23994,5
23995,3
23996,1
23997,4
23998,5
23999,5
24000,2
24001,5
24002,1
24003,5
24004,1
24005,3
24006,3
24007,2
24008,4
24009,4
24010,2
24011,1
24012,4
24013,5
24014,1
24015,5
24016,1
24017,4
24018,2
24019,2
24020,4
24021,5
24022,2
24023,5
24024,3
24025,4
24026,1
24027,3
24028,3
24029,4
24030,5
24031,2
24032,4
24033,4
24034,1
24035,2
24036,1
24037,4
24038,5
24039,1
24040,3
24041,3
24042,3
24043,3
24044,1
24045,1
24046,4
24047,4
24048,4
24049,3
24050,1
24051,3
24052,3
24053,2
24054,2
24055,4
24056,4
24057,4
24058,1
24059,4
24060,4
24061,5
24062,4
24063,1
24064,4
24065,3
24066,1
24067,1
24068,1
24069,5
24070,2
24071,5
24072,2
24073,5
24074,1
24075,4
24076,2
24077,2
24078,5
24079,4
24080,3
24081,5
24082,3
24083,4
24084,2
24085,2
24086,3
24087,4
24088,3
24089,1
24090,5
24091,1
24092,1
24093,3
24094,5
24095,2
24096,1
24097,1
24098,4
24099,2
24100,5
24101,5
24102,1
24103,1
24104,1
24105,3
24106,3
24107,4
24108,2
24109,4
24110,3
24111,5
24112,1
24113,5
24114,5
24115,3
24116,1
24117,3
24118,4
24119,2
24120,3
24121,3
24122,4
24123,5
24124,5
24125,5
24126,2
24127,2
24128,5
24129,5
24130,1
24131,5
24132,5
24133,4
24134,2
24135,3
24136,2
24137,1
24138,3
24139,3
24140,5
24141,3
24142,4
24143,3
24144,5
24145,4
24146,2
24147,2
24148,2
24149,5
24150,2
24151,4
24152,3
24153,5
24154,4
24155,5
24156,3
24157,1
24158,4
24159,4
24160,2
24161,5
24162,2
24163,5
24164,4
24165,5
24166,5
24167,5
24168,2
24169,5
24170,1
24171,1
24172,2
24173,2
24174,4
24175,5
24176,4
24177,2
24178,1
24179,4
24180,1
24181,4
24182,4
24183,1
24184,4
24185,2
24186,3
24187,4
24188,1
24189,4
24190,2
24191,3
24192,3
24193,5
24194,4
24195,1
24196,1
24197,4
24198,1
24199,2
24200,3
24201,4
24202,3
24203,4
24204,4
24205,3
24206,3
24207,5
24208,3
24209,1
24210,2
24211,5
24212,2
24213,3
24214,3
24215,4
24216,2
24217,1
24218,1
24219,5
24220,2
24221,5
24222,2
24223,1
24224,5
24225,4
24226,5
24227,3
24228,2
24229,1
24230,2
24231,1
24232,2
24233,4
24234,5
24235,4
24236,2
24237,3
24238,2
24239,3
24240,3
24241,3
24242,5
24243,5
24244,2
24245,2
24246,5
24247,2
24248,4
24249,5
24250,3
24251,4
24252,2
24253,4
24254,2
24255,4
24256,5
24257,4
24258,5
24259,2
24260,1
24261,5
24262,3
24263,5
24264,5
24265,5
24266,2
24267,3
24268,2
24269,3
24270,2
24271,3
24272,2
24273,1
24274,3
24275,4
24276,3
24277,1
24278,5
24279,5
24280,2
24281,2
24282,1
24283,4
24284,5
24285,3
24286,2
24287,5
24288,4
24289,3
24290,3
24291,1
24292,5
24293,5
24294,1
24295,4
24296,5
24297,5
24298,1
24299,5
24300,3
24301,3
24302,4
24303,2
24304,4
24305,3
24306,4
24307,3
24308,1
24309,5
24310,4
24311,4
24312,4
24313,2
24314,2
24315,1
24316,4
24317,2
24318,5
24319,3
24320,1
24321,2
24322,3
24323,5
24324,5
24325,1
24326,5
24327,1
24328,4
24329,4
24330,3
24331,4
24332,1
24333,5
24334,4
24335,1
24336,4
24337,3
24338,4
24339,2
24340,2
24341,2
24342,3
24343,1
24344,3
24345,2
24346,5
24347,5
24348,2
24349,3
24350,4
24351,1
24352,1
24353,1
24354,2
24355,2
24356,4
24357,3
24358,1
24359,3
24360,4
24361,3
24362,1
24363,2
24364,5
24365,5
24366,4
24367,5
24368,1
24369,4
24370,2
24371,4
24372,1
24373,5
24374,2
24375,1
24376,4
24377,5
24378,1
24379,4
24380,1
24381,2
24382,3
24383,4
24384,3
24385,3
24386,1
24387,5
24388,3
24389,1
24390,5
24391,2
24392,4
24393,1
24394,1
24395,5
24396,2
24397,3
24398,1
24399,1
24400,5
24401,2
24402,5
24403,4
24404,1
24405,5
24406,4
24407,5
24408,4
24409,1
24410,2
24411,4
24412,4
24413,2
24414,2
24415,1
24416,4
24417,3
24418,2
24419,5
24420,1
24421,5
24422,3
24423,1
24424,1
24425,1
24426,1
24427,3
24428,5
24429,2
24430,4
24431,2
24432,3
24433,5
24434,4
24435,2
24436,2
24437,2
24438,2
24439,1
24440,1
24441,3
24442,1
24443,3
24444,2
24445,5
24446,4
24447,4
24448,3
24449,1
24450,3
24451,4
24452,4
24453,1
24454,3
24455,1
24456,5
24457,1
24458,2
24459,1
24460,4
24461,1
24462,4
24463,1
24464,2
24465,4
24466,2
24467,5
24468,5
24469,1
24470,3
24471,2
24472,5
24473,2
24474,5
24475,4
24476,5
24477,4
24478,3
24479,3
24480,4
24481,4
24482,1
24483,2
24484,2
24485,4
24486,2
24487,2
24488,3
24489,1
24490,4
24491,1
24492,2
24493,1
24494,5
24495,4
24496,5
24497,5
24498,2
24499,5
24500,5
24501,4
24502,5
24503,2
24504,3
24505,4
24506,5
24507,4
24508,4
24509,4
24510,2
24511,2
24512,2
24513,2
24514,3
24515,1
24516,2
24517,4
24518,5
24519,4
24520,3
24521,5
24522,2
24523,3
24524,3
24525,1
24526,2
24527,3
24528,3
24529,5
24530,5
24531,1
24532,2
24533,3
24534,5
24535,1
24536,1
24537,3
24538,1
24539,1
24540,3
24541,3
24542,4
24543,3
24544,1
24545,4
24546,5
24547,5
24548,2
24549,4
24550,4
24551,3
24552,1
24553,4
24554,1
24555,4
24556,5
24557,3
24558,4
24559,4
24560,1
24561,4
24562,3
24563,5
24564,5
24565,4
24566,4
24567,5
24568,2
24569,5
24570,4
24571,4
24572,2
24573,1
24574,5
24575,5
24576,4
24577,5
24578,2
24579,1
24580,4
24581,3
24582,5
24583,3
24584,5
24585,1
24586,5
24587,1
24588,4
24589,2
24590,4
24591,1
24592,5
24593,4
24594,2
24595,3
24596,4
24597,2
24598,2
24599,2
24600,4
24601,3
24602,1
24603,1
24604,4
24605,2
24606,1
24607,5
24608,2
24609,1
24610,2
24611,5
24612,4
24613,5
24614,2
24615,3
24616,5
24617,1
24618,1
24619,1
24620,1
24621,4
24622,3
24623,1
24624,5
24625,3
24626,1
24627,2
24628,4
24629,3
24630,5
24631,2
24632,4
24633,4
24634,5
24635,1
24636,2
24637,3
24638,2
24639,5
24640,1
24641,1
24642,4
24643,5
24644,2
24645,1
24646,3
24647,2
24648,4
24649,3
24650,3
24651,5
24652,5
24653,3
24654,1
24655,2
24656,5
24657,4
24658,4
24659,5
24660,5
24661,3
24662,3
24663,2
24664,3
24665,5
24666,4
24667,5
24668,3
24669,4
24670,4
24671,5
24672,2
24673,3
24674,4
24675,5
24676,2
24677,5
24678,2
24679,3
24680,5
24681,1
24682,2
24683,2
24684,5
24685,3
24686,2
24687,4
24688,3
24689,2
24690,4
24691,5
24692,1
24693,5
24694,5
24695,4
24696,5
24697,4
24698,3
24699,1
24700,5
24701,4
24702,3
24703,3
24704,4
24705,4
24706,2
24707,3
24708,2
24709,5
24710,2
24711,1
24712,1
24713,1
24714,3
24715,4
24716,4
24717,2
24718,1
24719,5
24720,2
24721,4
24722,3
24723,4
24724,4
24725,3
24726,2
24727,5
24728,2
24729,5
24730,2
24731,1
24732,5
24733,4
24734,3
24735,5
24736,3
24737,4
24738,3
24739,1
24740,2
24741,3
24742,4
24743,2
24744,1
24745,2
24746,2
24747,4
24748,5
24749,3
24750,5
24751,5
24752,5
24753,3
24754,1
24755,2
24756,5
24757,4
24758,2
24759,4
24760,5
24761,3
24762,4
24763,3
24764,3
24765,1
24766,4
24767,1
24768,1
24769,1
24770,1
24771,1
24772,1
24773,1
24774,5
24775,2
24776,3
24777,5
24778,3
24779,3
24780,3
24781,1
24782,3
24783,5
24784,3
24785,2
24786,4
24787,1
24788,5
24789,2
24790,4
24791,1
24792,4
24793,2
24794,4
24795,1
24796,1
24797,1
24798,2
24799,2
24800,4
24801,5
24802,5
24803,2
24804,3
24805,5
24806,1
24807,5
24808,3
24809,2
24810,2
24811,5
24812,1
24813,4
24814,5
24815,5
24816,5
24817,3
24818,3
24819,2
24820,5
24821,4
24822,2
24823,5
24824,5
24825,5
24826,5
24827,3
24828,4
24829,5
24830,4
24831,4
24832,1
24833,3
24834,2
24835,1
24836,5
24837,3
24838,3
24839,2
24840,3
24841,4
24842,3
24843,1
24844,2
24845,1
24846,2
24847,2
24848,3
24849,5
24850,3
24851,1
24852,4
24853,5
24854,5
24855,4
24856,5
24857,4
24858,2
24859,4
24860,1
24861,3
24862,3
24863,5
24864,1
24865,2
24866,2
24867,4
24868,3
24869,2
24870,5
24871,5
24872,1
24873,1
24874,1
24875,1
24876,5
24877,1
24878,5
24879,3
24880,5
24881,4
24882,5
24883,3
24884,5
24885,5
24886,3
24887,1
24888,4
24889,2
24890,3
24891,2
24892,4
24893,3
24894,2
24895,2
24896,1
24897,3
24898,5
24899,2
24900,1
24901,3
24902,5
24903,2
24904,5
24905,1
24906,3
24907,3
24908,3
24909,1
24910,3
24911,1
24912,3
24913,5
24914,3
24915,5
24916,5
24917,5
24918,3
24919,5
24920,4
24921,4
24922,1
24923,4
24924,4
24925,4
24926,3
24927,4
24928,1
24929,1
24930,1
24931,5
24932,3
24933,1
24934,2
24935,1
24936,1
24937,1
24938,3
24939,5
24940,2
24941,3
24942,2
24943,1
24944,4
24945,1
24946,2
24947,5
24948,2
24949,2
24950,5
24951,5
24952,5
24953,5
24954,3
24955,1
24956,1
24957,4
24958,2
24959,1
24960,2
24961,1
24962,3
24963,2
24964,5
24965,4
24966,5
24967,5
24968,2
24969,4
24970,3
24971,5
24972,5
24973,1
24974,2
24975,5
24976,5
24977,5
24978,3
24979,2
24980,2
24981,2
24982,2
24983,1
24984,1
24985,4
24986,4
24987,4
24988,1
24989,1
24990,5
24991,3
24992,1
24993,5
24994,5
24995,5
24996,3
24997,1
24998,3
24999,4
25000,4
25001,5
25002,3
25003,3
25004,3
25005,2
25006,4
25007,3
25008,4
25009,4
25010,5
25011,2
25012,5
25013,3
25014,2
25015,3
25016,4
25017,4
25018,2
25019,4
25020,3
25021,2
25022,2
25023,5
25024,2
25025,4
25026,3
25027,1
25028,4
25029,1
25030,5
25031,4
25032,1
25033,1
25034,3
25035,2
25036,4
25037,4
25038,3
25039,1
25040,4
25041,1
25042,1
25043,3
25044,1
25045,4
25046,3
25047,4
25048,3
25049,1
25050,2
25051,2
25052,5
25053,5
25054,5
25055,5
25056,1
25057,3
25058,5
25059,4
25060,1
25061,3
25062,2
25063,5
25064,5
25065,2
25066,3
25067,4
25068,5
25069,1
25070,1
25071,4
25072,5
25073,5
25074,3
25075,4
25076,2
25077,1
25078,1
25079,3
25080,3
25081,2
25082,2
25083,3
25084,4
25085,5
25086,3
25087,1
25088,4
25089,1
25090,2
25091,4
25092,2
25093,1
25094,3
25095,2
25096,2
25097,4
25098,5
25099,2
25100,3
25101,5
25102,5
25103,3
25104,5
25105,1
25106,3
25107,5
25108,3
25109,3
25110,5
25111,5
25112,5
25113,3
25114,5
25115,5
25116,4
25117,5
25118,4
25119,4
25120,1
25121,3
25122,4
25123,4
25124,3
25125,2
25126,2
25127,5
25128,3
25129,3
25130,4
25131,1
25132,4
25133,4
25134,4
25135,5
25136,1
25137,2
25138,4
25139,2
25140,5
25141,1
25142,3
25143,4
25144,1
25145,5
25146,5
25147,3
25148,1
25149,3
25150,2
25151,1
25152,1
25153,5
25154,3
25155,3
25156,4
25157,1
25158,1
25159,5
25160,5
25161,1
25162,4
25163,4
25164,4
25165,1
25166,2
25167,1
25168,4
25169,3
25170,4
25171,5
25172,4
25173,1
25174,1
25175,5
25176,5
25177,4
25178,2
25179,3
25180,4
25181,4
25182,3
25183,3
25184,4
25185,1
25186,3
25187,2
25188,2
25189,1
25190,4
25191,5
25192,2
25193,4
25194,3
25195,3
25196,3
25197,2
25198,4
25199,2
25200,1
25201,3
25202,4
25203,3
25204,4
25205,3
25206,3
25207,4
25208,1
25209,2
25210,1
25211,2
25212,1
25213,1
25214,4
25215,1
25216,5
25217,1
25218,4
25219,2
25220,2
25221,5
25222,3
25223,4
25224,1
25225,3
25226,3
25227,3
25228,5
25229,4
25230,5
25231,2
25232,2
25233,3
25234,1
25235,2
25236,4
25237,3
25238,1
25239,4
25240,1
25241,5
25242,4
25243,2
25244,2
25245,3
25246,3
25247,2
25248,3
25249,3
25250,4
25251,1
25252,5
25253,5
25254,1
25255,4
25256,5
25257,2
25258,4
25259,1
25260,1
25261,5
25262,2
25263,5
25264,2
25265,1
25266,2
25267,3
25268,4
25269,1
25270,5
25271,4
25272,2
25273,2
25274,2
25275,5
25276,1
25277,3
25278,5
25279,2
25280,5
25281,1
25282,2
25283,3
25284,1
25285,3
25286,3
25287,5
25288,5
25289,4
25290,2
25291,4
25292,1
25293,4
25294,4
25295,2
25296,1
25297,3
25298,1
25299,2
25300,5
25301,5
25302,2
25303,4
25304,4
25305,4
25306,1
25307,3
25308,3
25309,1
25310,5
25311,3
25312,5
25313,1
25314,5
25315,4
25316,2
25317,2
25318,5
25319,5
25320,2
25321,3
25322,3
25323,5
25324,5
25325,1
25326,2
25327,3
25328,5
25329,1
25330,4
25331,1
25332,3
25333,3
25334,3
25335,4
25336,5
25337,3
25338,5
25339,3
25340,1
25341,1
25342,1
25343,4
25344,5
25345,3
25346,5
25347,3
25348,2
25349,4
25350,4
25351,5
25352,1
25353,5
25354,1
25355,1
25356,2
25357,5
25358,4
25359,4
25360,1
25361,5
25362,5
25363,2
25364,3
25365,1
25366,5
25367,1
25368,4
25369,2
25370,4
25371,2
25372,5
25373,5
25374,3
25375,5
25376,1
25377,4
25378,2
25379,3
25380,3
25381,2
25382,5
25383,1
25384,3
25385,5
25386,4
25387,3
25388,2
25389,3
25390,2
25391,5
25392,1
25393,4
25394,3
25395,4
25396,4
25397,2
25398,5
25399,5
25400,3
25401,3
25402,2
25403,2
25404,3
25405,5
25406,3
25407,1
25408,2
25409,3
25410,2
25411,5
25412,4
25413,5
25414,1
25415,2
25416,1
25417,1
25418,5
25419,4
25420,3
25421,1
25422,3
25423,1
25424,5
25425,4
25426,4
25427,5
25428,4
25429,5
25430,2
25431,5
25432,3
25433,1
25434,5
25435,1
25436,1
25437,1
25438,3
25439,1
25440,1
25441,2
25442,2
25443,3
25444,3
25445,3
25446,1
25447,1
25448,1
25449,5
25450,4
25451,3
25452,3
25453,2
25454,4
25455,1
25456,5
25457,4
25458,4
25459,5
25460,3
25461,5
25462,1
25463,1
25464,2
25465,2
25466,3
25467,1
25468,4
25469,5
25470,2
25471,3
25472,4
25473,3
25474,3
25475,5
25476,4
25477,1
25478,3
25479,4
25480,5
25481,5
25482,2
25483,2
25484,4
25485,1
25486,1
25487,5
25488,5
25489,3
25490,3
25491,2
25492,5
25493,5
25494,2
25495,1
25496,5
25497,3
25498,3
25499,2
25500,5
25501,3
25502,2
25503,5
25504,1
25505,5
25506,5
25507,1
25508,1
25509,2
25510,2
25511,4
25512,1
25513,3
25514,1
25515,1
25516,2
25517,3
25518,3
25519,3
25520,4
25521,3
25522,4
25523,3
25524,5
25525,3
25526,5
25527,2
25528,5
25529,2
25530,1
25531,2
25532,4
25533,3
25534,1
25535,2
25536,4
25537,2
25538,3
25539,1
25540,4
25541,1
25542,3
25543,1
25544,1
25545,5
25546,5
25547,4
25548,2
25549,4
25550,4
25551,5
25552,1
25553,3
25554,2
25555,2
25556,3
25557,3
25558,5
25559,1
25560,3
25561,5
25562,3
25563,2
25564,5
25565,1
25566,1
25567,2
25568,5
25569,2
25570,2
25571,4
25572,1
25573,5
25574,1
25575,5
25576,5
25577,2
25578,1
25579,1
25580,2
25581,3
25582,1
25583,1
25584,5
25585,3
25586,4
25587,4
25588,4
25589,5
25590,1
25591,3
25592,5
25593,5
25594,4
25595,5
25596,2
25597,2
25598,2
25599,2
25600,3
25601,5
25602,3
25603,1
25604,5
25605,3
25606,3
25607,4
25608,5
25609,4
25610,2
25611,5
25612,5
25613,3
25614,5
25615,1
25616,2
25617,4
25618,3
25619,1
25620,1
25621,1
25622,3
25623,5
25624,2
25625,5
25626,1
25627,4
25628,2
25629,5
25630,1
25631,5
25632,5
25633,5
25634,4
25635,4
25636,1
25637,5
25638,2
25639,3
25640,5
25641,4
25642,1
25643,2
25644,4
25645,3
25646,5
25647,3
25648,3
25649,2
25650,1
25651,4
25652,5
25653,1
25654,1
25655,3
25656,1
25657,1
25658,4
25659,1
25660,3
25661,4
25662,4
25663,4
25664,1
25665,4
25666,5
25667,4
25668,4
25669,1
25670,5
25671,1
25672,4
25673,2
25674,3
25675,1
25676,3
25677,1
25678,2
25679,3
25680,5
25681,1
25682,3
25683,2
25684,1
25685,3
25686,2
25687,5
25688,2
25689,3
25690,2
25691,3
25692,3
25693,2
25694,4
25695,1
25696,2
25697,4
25698,2
25699,5
25700,3
25701,4
25702,2
25703,4
25704,2
25705,2
25706,5
25707,5
25708,3
25709,4
25710,5
25711,3
25712,2
25713,4
25714,2
25715,3
25716,4
25717,1
25718,5
25719,5
25720,2
25721,3
25722,4
25723,4
25724,3
25725,1
25726,1
25727,1
25728,3
25729,3
25730,4
25731,3
25732,4
25733,5
25734,4
25735,1
25736,3
25737,2
25738,2
25739,1
25740,1
25741,4
25742,1
25743,3
25744,1
25745,5
25746,4
25747,2
25748,3
25749,4
25750,2
25751,4
25752,5
25753,2
25754,2
25755,1
25756,3
25757,3
25758,3
25759,1
25760,3
25761,1
25762,1
25763,3
25764,1
25765,1
25766,1
25767,5
25768,4
25769,2
25770,4
25771,5
25772,4
25773,5
25774,4
25775,4
25776,4
25777,5
25778,2
25779,3
25780,2
25781,2
25782,3
25783,1
25784,5
25785,4
25786,3
25787,3
25788,2
25789,1
25790,5
25791,1
25792,5
25793,4
25794,4
25795,3
25796,5
25797,1
25798,5
25799,1
25800,2
25801,4
25802,1
25803,1
25804,4
25805,2
25806,1
25807,3
25808,5
25809,4
25810,4
25811,5
25812,5
25813,1
25814,2
25815,5
25816,4
25817,2
25818,5
25819,4
25820,5
25821,1
25822,3
25823,3
25824,5
25825,3
25826,1
25827,5
25828,5
25829,4
25830,4
25831,5
25832,4
25833,1
25834,4
25835,3
25836,1
25837,5
25838,1
25839,1
25840,3
25841,2
25842,2
25843,3
25844,2
25845,5
25846,2
25847,5
25848,3
25849,2
25850,1
25851,4
25852,3
25853,4
25854,2
25855,1
25856,5
25857,2
25858,4
25859,4
25860,3
25861,1
25862,3
25863,2
25864,5
25865,5
25866,5
25867,4
25868,2
25869,5
25870,3
25871,3
25872,4
25873,2
25874,4
25875,1
25876,5
25877,3
25878,2
25879,2
25880,5
25881,4
25882,3
25883,4
25884,4
25885,5
25886,1
25887,2
25888,5
25889,2
25890,2
25891,1
25892,3
25893,5
25894,5
25895,1
25896,4
25897,4
25898,5
25899,1
25900,2
25901,5
25902,5
25903,4
25904,1
25905,1
25906,5
25907,3
25908,3
25909,1
25910,5
25911,2
25912,4
25913,5
25914,3
25915,4
25916,4
25917,5
25918,2
25919,4
25920,1
25921,5
25922,2
25923,1
25924,3
25925,5
25926,3
25927,5
25928,2
25929,1
25930,4
25931,3
25932,1
25933,1
25934,1
25935,3
25936,2
25937,4
25938,4
25939,3
25940,5
25941,2
25942,4
25943,2
25944,1
25945,2
25946,5
25947,5
25948,4
25949,5
25950,5
25951,2
25952,2
25953,4
25954,3
25955,3
25956,1
25957,5
25958,5
25959,1
25960,4
25961,2
25962,2
25963,5
25964,2
25965,2
25966,1
25967,4
25968,4
25969,5
25970,5
25971,3
25972,2
25973,3
25974,5
25975,3
25976,3
25977,3
25978,1
25979,1
25980,3
25981,3
25982,4
25983,1
25984,1
25985,4
25986,2
25987,5
25988,1
25989,4
25990,1
25991,1
25992,2
25993,3
25994,1
25995,1
25996,1
25997,4
25998,1
25999,3
26000,4
26001,4
26002,1
26003,4
26004,1
26005,3
26006,1
26007,4
26008,1
26009,3
26010,1
26011,3
26012,5
26013,5
26014,4
26015,4
26016,1
26017,4
26018,2
26019,3
26020,1
26021,2
26022,1
26023,3
26024,1
26025,3
26026,2
26027,5
26028,3
26029,3
26030,1
26031,1
26032,3
26033,1
26034,5
26035,5
26036,3
26037,3
26038,5
26039,1
26040,1
26041,5
26042,5
26043,4
26044,3
26045,1
26046,4
26047,3
26048,5
26049,3
26050,3
26051,5
26052,4
26053,4
26054,3
26055,5
26056,2
26057,3
26058,3
26059,5
26060,1
26061,4
26062,4
26063,3
26064,3
26065,1
26066,4
26067,4
26068,5
26069,1
26070,3
26071,5
26072,4
26073,3
26074,3
26075,3
26076,3
26077,2
26078,4
26079,2
26080,1
26081,3
26082,5
26083,3
26084,1
26085,3
26086,5
26087,1
26088,5
26089,1
26090,1
26091,4
26092,1
26093,5
26094,2
26095,4
26096,4
26097,1
26098,2
26099,5
26100,5
26101,4
26102,2
26103,1
26104,5
26105,4
26106,5
26107,5
26108,5
26109,4
26110,4
26111,4
26112,3
26113,3
26114,4
26115,4
26116,4
26117,4
26118,1
26119,5
26120,5
26121,4
26122,3
26123,3
26124,4
26125,3
26126,3
26127,2
26128,1
26129,1
26130,4
26131,4
26132,2
26133,1
26134,2
26135,5
26136,3
26137,5
26138,5
26139,5
26140,1
26141,2
26142,3
26143,5
26144,2
26145,5
26146,4
26147,1
26148,5
26149,1
26150,3
26151,3
26152,5
26153,5
26154,1
26155,1
26156,5
26157,3
26158,5
26159,1
26160,3
26161,1
26162,4
26163,2
26164,3
26165,4
26166,4
26167,4
26168,5
26169,1
26170,5
26171,4
26172,2
26173,5
26174,5
26175,2
26176,2
26177,2
26178,5
26179,2
26180,5
26181,1
26182,2
26183,3
26184,2
26185,3
26186,5
26187,1
26188,1
26189,5
26190,5
26191,1
26192,3
26193,5
26194,3
26195,5
26196,5
26197,1
26198,3
26199,3
26200,1
26201,4
26202,2
26203,1
26204,3
26205,4
26206,2
26207,3
26208,5
26209,5
26210,4
26211,3
26212,3
26213,4
26214,2
26215,2
26216,4
26217,2
26218,3
26219,2
26220,5
26221,1
26222,4
26223,5
26224,4
26225,1
26226,1
26227,5
26228,4
26229,4
26230,3
26231,4
26232,2
26233,1
26234,3
26235,1
26236,3
26237,3
26238,1
26239,3
26240,2
26241,4
26242,5
26243,5
26244,5
26245,2
26246,4
26247,1
26248,3
26249,1
26250,1
26251,5
26252,4
26253,2
26254,5
26255,5
26256,5
26257,2
26258,2
26259,2
26260,3
26261,1
26262,1
26263,4
26264,2
26265,4
26266,4
26267,1
26268,2
26269,5
26270,3
26271,4
26272,3
26273,3
26274,3
26275,3
26276,4
26277,2
26278,2
26279,1
26280,4
26281,3
26282,4
26283,4
26284,3
26285,5
26286,1
26287,2
26288,2
26289,1
26290,3
26291,5
26292,5
26293,2
26294,5
26295,5
26296,5
26297,2
26298,5
26299,5
26300,1
26301,5
26302,4
26303,3
26304,5
26305,3
26306,1
26307,1
26308,5
26309,3
26310,4
26311,4
26312,2
26313,5
26314,3
26315,4
26316,3
26317,1
26318,4
26319,5
26320,3
26321,3
26322,5
26323,3
26324,1
26325,5
26326,1
26327,2
26328,5
26329,4
26330,5
26331,2
26332,2
26333,3
26334,5
26335,3
26336,5
26337,2
26338,5
26339,3
26340,2
26341,4
26342,1
26343,5
26344,3
26345,2
26346,2
26347,3
26348,2
26349,3
26350,4
26351,5
26352,5
26353,4
26354,3
26355,2
26356,3
26357,3
26358,3
26359,1
26360,5
26361,2
26362,1
26363,5
26364,2
26365,2
26366,1
26367,5
26368,1
26369,5
26370,3
26371,3
26372,1
26373,3
26374,3
26375,4
26376,3
26377,5
26378,4
26379,2
26380,1
26381,4
26382,4
26383,1
26384,3
26385,3
26386,2
26387,5
26388,5
26389,1
26390,2
26391,4
26392,4
26393,5
26394,4
26395,2
26396,2
26397,4
26398,2
26399,3
26400,1
26401,1
26402,3
26403,3
26404,5
26405,5
26406,3
26407,5
26408,5
26409,1
26410,3
26411,4
26412,5
26413,1
26414,3
26415,1
26416,5
26417,3
26418,5
26419,1
26420,2
26421,4
26422,5
26423,5
26424,2
26425,5
26426,3
26427,1
26428,4
26429,2
26430,5
26431,3
26432,1
26433,1
26434,3
26435,1
26436,2
26437,1
26438,4
26439,4
26440,5
26441,5
26442,3
26443,1
26444,2
26445,4
26446,4
26447,3
26448,4
26449,5
26450,4
26451,3
26452,3
26453,3
26454,4
26455,5
26456,5
26457,4
26458,4
26459,2
26460,3
26461,4
26462,3
26463,3
26464,3
26465,4
26466,3
26467,1
26468,5
26469,4
26470,2
26471,4
26472,3
26473,1
26474,5
26475,2
26476,2
26477,2
26478,2
26479,2
26480,5
26481,2
26482,1
26483,2
26484,5
26485,1
26486,5
26487,4
26488,5
26489,3
26490,4
26491,5
26492,1
26493,1
26494,1
26495,3
26496,2
26497,2
26498,4
26499,3
26500,1
26501,3
26502,2
26503,3
26504,3
26505,1
26506,5
26507,4
26508,1
26509,4
26510,3
26511,2
26512,3
26513,5
26514,1
26515,2
26516,5
26517,5
26518,5
26519,3
26520,4
26521,5
26522,1
26523,5
26524,5
26525,4
26526,4
26527,2
26528,5
26529,5
26530,1
26531,2
26532,2
26533,5
26534,1
26535,2
26536,5
26537,2
26538,5
26539,4
26540,2
26541,1
26542,5
26543,3
26544,3
26545,1
26546,4
26547,5
26548,3
26549,1
26550,4
26551,4
26552,3
26553,1
26554,1
26555,2
26556,3
26557,3
26558,3
26559,3
26560,4
26561,3
26562,4
26563,3
26564,5
26565,2
26566,4
26567,3
26568,2
26569,2
26570,2
26571,1
26572,2
26573,2
26574,1
26575,4
26576,3
26577,3
26578,4
26579,2
26580,2
26581,4
26582,5
26583,4
26584,2
26585,4
26586,3
26587,1
26588,2
26589,4
26590,1
26591,4
26592,2
26593,1
26594,2
26595,5
26596,3
26597,4
26598,3
26599,1
26600,1
26601,1
26602,4
26603,5
26604,2
26605,4
26606,4
26607,1
26608,1
26609,2
26610,1
26611,4
26612,1
26613,1
26614,3
26615,5
26616,4
26617,3
26618,2
26619,2
26620,5
26621,4
26622,2
26623,3
26624,3
26625,5
26626,3
26627,4
26628,2
26629,2
26630,2
26631,1
26632,4
26633,1
26634,3
26635,3
26636,4
26637,1
26638,5
26639,5
26640,5
26641,5
26642,1
26643,5
26644,2
26645,4
26646,4
26647,4
26648,3
26649,5
26650,4
26651,5
26652,5
26653,2
26654,3
26655,3
26656,5
26657,2
26658,4
26659,2
26660,3
26661,5
26662,3
26663,3
26664,3
26665,1
26666,1
26667,1
26668,3
26669,3
26670,3
26671,5
26672,5
26673,3
26674,3
26675,4
26676,4
26677,3
26678,4
26679,5
26680,4
26681,3
26682,2
26683,4
26684,4
26685,1
26686,3
26687,5
26688,5
26689,3
26690,1
26691,1
26692,2
26693,5
26694,1
26695,1
26696,5
26697,4
26698,3
26699,3
26700,3
26701,1
26702,4
26703,3
26704,2
26705,4
26706,3
26707,2
26708,1
26709,1
26710,4
26711,1
26712,2
26713,2
26714,4
26715,1
26716,4
26717,2
26718,5
26719,1
26720,2
26721,5
26722,5
26723,4
26724,1
26725,4
26726,1
26727,1
26728,2
26729,5
26730,3
26731,4
26732,5
26733,3
26734,2
26735,5
26736,2
26737,3
26738,2
26739,2
26740,5
26741,1
26742,3
26743,3
26744,3
26745,2
26746,2
26747,4
26748,1
26749,3
26750,2
26751,5
26752,1
26753,1
26754,3
26755,1
26756,4
26757,2
26758,4
26759,3
26760,3
26761,4
26762,3
26763,5
26764,1
26765,3
26766,1
26767,1
26768,5
26769,1
26770,2
26771,5
26772,1
26773,2
26774,2
26775,5
26776,5
26777,5
26778,1
26779,4
26780,4
26781,2
26782,1
26783,1
26784,2
26785,5
26786,4
26787,1
26788,3
26789,5
26790,2
26791,3
26792,5
26793,3
26794,5
26795,2
26796,1
26797,5
26798,5
26799,5
26800,3
26801,2
26802,5
26803,4
26804,4
26805,1
26806,4
26807,5
26808,3
26809,2
26810,1
26811,1
26812,2
26813,4
26814,4
26815,1
26816,3
26817,1
26818,2
26819,4
26820,3
26821,3
26822,1
26823,4
26824,3
26825,4
26826,2
26827,2
26828,3
26829,2
26830,5
26831,3
26832,1
26833,1
26834,4
26835,1
26836,4
26837,1
26838,3
26839,5
26840,3
26841,5
26842,1
26843,1
26844,2
26845,4
26846,4
26847,5
26848,2
26849,1
26850,1
26851,2
26852,1
26853,4
26854,2
26855,4
26856,5
26857,4
26858,1
26859,5
26860,4
26861,3
26862,4
26863,3
26864,4
26865,3
26866,2
26867,1
26868,4
26869,2
26870,5
26871,2
26872,1
26873,1
26874,1
26875,5
26876,5
26877,3
26878,5
26879,5
26880,1
26881,3
26882,5
26883,1
26884,3
26885,1
26886,5
26887,2
26888,4
26889,4
26890,4
26891,5
26892,3
26893,1
26894,5
26895,5
26896,1
26897,1
26898,5
26899,2
26900,4
26901,3
26902,1
26903,4
26904,3
26905,3
26906,5
26907,5
26908,1
26909,4
26910,4
26911,2
26912,5
26913,4
26914,5
26915,5
26916,5
26917,2
26918,5
26919,4
26920,1
26921,3
26922,2
26923,1
26924,3
26925,3
26926,5
26927,4
26928,1
26929,5
26930,5
26931,4
26932,4
26933,4
26934,4
26935,1
26936,3
26937,2
26938,3
26939,5
26940,5
26941,4
26942,4
26943,1
26944,3
26945,2
26946,1
26947,3
26948,1
26949,5
26950,1
26951,1
26952,4
26953,3
26954,3
26955,1
26956,2
26957,4
26958,2
26959,1
26960,4
26961,5
26962,2
26963,4
26964,2
26965,2
26966,3
26967,1
26968,1
26969,2
26970,2
26971,5
26972,2
26973,4
26974,1
26975,3
26976,1
26977,5
26978,5
26979,3
26980,2
26981,2
26982,4
26983,1
26984,1
26985,3
26986,5
26987,5
26988,3
26989,2
26990,2
26991,4
26992,3
26993,1
26994,3
26995,2
26996,2
26997,3
26998,1
26999,4
27000,2
27001,4
27002,1
27003,2
27004,2
27005,4
27006,4
27007,5
27008,5
27009,5
27010,5
27011,4
27012,1
27013,5
27014,1
27015,3
27016,1
27017,5
27018,1
27019,4
27020,1
27021,2
27022,5
27023,3
27024,1
27025,1
27026,5
27027,1
27028,5
27029,2
27030,2
27031,5
27032,3
27033,4
27034,3
27035,5
27036,1
27037,1
27038,2
27039,4
27040,1
27041,5
27042,1
27043,3
27044,5
27045,5
27046,5
27047,3
27048,3
27049,3
27050,3
27051,2
27052,3
27053,5
27054,1
27055,5
27056,3
27057,4
27058,4
27059,1
27060,5
27061,1
27062,1
27063,1
27064,4
27065,4
27066,3
27067,3
27068,1
27069,4
27070,1
27071,1
27072,1
27073,2
27074,5
27075,2
27076,3
27077,2
27078,4
27079,2
27080,3
27081,5
27082,5
27083,4
27084,1
27085,5
27086,1
27087,2
27088,4
27089,4
27090,4
27091,2
27092,2
27093,4
27094,1
27095,5
27096,4
27097,4
27098,3
27099,2
27100,2
27101,4
27102,2
27103,2
27104,3
27105,1
27106,3
27107,3
27108,3
27109,5
27110,3
27111,5
27112,2
27113,5
27114,1
27115,3
27116,2
27117,2
27118,3
27119,5
27120,3
27121,1
27122,2
27123,5
27124,2
27125,5
27126,3
27127,4
27128,4
27129,1
27130,4
27131,1
27132,1
27133,2
27134,3
27135,5
27136,1
27137,2
27138,4
27139,1
27140,3
27141,5
27142,4
27143,4
27144,3
27145,5
27146,5
27147,4
27148,4
27149,2
27150,4
27151,5
27152,3
27153,4
27154,5
27155,2
27156,3
27157,2
27158,1
27159,1
27160,3
27161,2
27162,3
27163,4
27164,4
27165,4
27166,2
27167,5
27168,3
27169,5
27170,2
27171,1
27172,3
27173,2
27174,4
27175,4
27176,2
27177,2
27178,3
27179,3
27180,3
27181,4
27182,4
27183,4
27184,5
27185,1
27186,1
27187,1
27188,3
27189,4
27190,2
27191,1
27192,2
27193,5
27194,5
27195,4
27196,4
27197,4
27198,2
27199,5
27200,1
27201,3
27202,1
27203,3
27204,2
27205,4
27206,1
27207,5
27208,4
27209,5
27210,3
27211,2
27212,5
27213,5
27214,3
27215,5
27216,5
27217,3
27218,1
27219,5
27220,1
27221,5
27222,5
27223,3
27224,5
27225,4
27226,3
27227,3
27228,3
27229,4
27230,5
27231,4
27232,2
27233,4
27234,3
27235,3
27236,5
27237,2
27238,4
27239,3
27240,5
27241,5
27242,4
27243,5
27244,1
27245,4
27246,5
27247,2
27248,4
27249,1
27250,4
27251,5
27252,2
27253,3
27254,3
27255,5
27256,4
27257,3
27258,2
27259,2
27260,3
27261,4
27262,2
27263,1
27264,1
27265,1
27266,2
27267,4
27268,4
27269,5
27270,5
27271,2
27272,3
27273,4
27274,3
27275,4
27276,3
27277,5
27278,2
27279,4
27280,4
27281,2
27282,3
27283,4
27284,3
27285,2
27286,2
27287,1
27288,4
27289,3
27290,2
27291,1
27292,3
27293,2
27294,4
27295,3
27296,1
27297,5
27298,2
27299,5
27300,1
27301,1
27302,3
27303,5
27304,5
27305,3
27306,1
27307,1
27308,4
27309,3
27310,3
27311,2
27312,2
27313,3
27314,4
27315,5
27316,2
27317,4
27318,3
27319,2
27320,3
27321,4
27322,2
27323,2
27324,5
27325,1
27326,2
27327,1
27328,1
27329,4
27330,3
27331,5
27332,3
27333,2
27334,3
27335,3
27336,4
27337,5
27338,2
27339,3
27340,5
27341,5
27342,3
27343,1
27344,1
27345,2
27346,5
27347,1
27348,2
27349,4
27350,3
27351,3
27352,3
27353,5
27354,3
27355,5
27356,4
27357,5
27358,1
27359,3
27360,5
27361,4
27362,1
27363,3
27364,3
27365,4
27366,3
27367,4
27368,1
27369,5
27370,1
27371,3
27372,5
27373,5
27374,4
27375,2
27376,5
27377,2
27378,2
27379,1
27380,4
27381,5
27382,5
27383,5
27384,4
27385,1
27386,5
27387,5
27388,5
27389,4
27390,5
27391,3
27392,2
27393,3
27394,5
27395,1
27396,1
27397,2
27398,3
27399,2
27400,1
27401,1
27402,5
27403,4
27404,4
27405,5
27406,1
27407,5
27408,3
27409,2
27410,1
27411,5
27412,1
27413,3
27414,1
27415,4
27416,1
27417,4
27418,3
27419,4
27420,5
27421,2
27422,2
27423,5
27424,4
27425,3
27426,2
27427,5
27428,5
27429,2
27430,2
27431,4
27432,3
27433,2
27434,1
27435,2
27436,2
27437,5
27438,3
27439,1
27440,4
27441,5
27442,4
27443,2
27444,1
27445,2
27446,2
27447,4
27448,3
27449,4
27450,5
27451,4
27452,1
27453,2
27454,5
27455,4
27456,1
27457,3
27458,4
27459,5
27460,3
27461,4
27462,5
27463,1
27464,2
27465,3
27466,5
27467,4
27468,2
27469,5
27470,1
27471,4
27472,4
27473,4
27474,3
27475,2
27476,2
27477,3
27478,2
27479,2
27480,5
27481,2
27482,3
27483,4
27484,3
27485,2
27486,3
27487,5
27488,1
27489,4
27490,4
27491,1
27492,2
27493,1
27494,3
27495,3
27496,4
27497,3
27498,1
27499,1
27500,3
27501,4
27502,3
27503,4
27504,2
27505,3
27506,4
27507,1
27508,3
27509,5
27510,5
27511,4
27512,4
27513,4
27514,1
27515,2
27516,3
27517,5
27518,3
27519,5
27520,4
27521,2
27522,2
27523,1
27524,3
27525,2
27526,5
27527,5
27528,1
27529,4
27530,2
27531,2
27532,5
27533,2
27534,3
27535,4
27536,5
27537,2
27538,4
27539,2
27540,5
27541,1
27542,5
27543,4
27544,5
27545,3
27546,2
27547,2
27548,3
27549,5
27550,5
27551,3
27552,5
27553,5
27554,2
27555,4
27556,4
27557,5
27558,3
27559,1
27560,4
27561,2
27562,5
27563,5
27564,3
27565,5
27566,5
27567,4
27568,1
27569,4
27570,5
27571,4
27572,4
27573,5
27574,1
27575,2
27576,2
27577,4
27578,1
27579,2
27580,3
27581,1
27582,4
27583,4
27584,4
27585,2
27586,5
27587,1
27588,1
27589,2
27590,5
27591,5
27592,3
27593,3
27594,1
27595,3
27596,2
27597,1
27598,4
27599,3
27600,3
27601,3
27602,5
27603,5
27604,2
27605,3
27606,2
27607,2
27608,2
27609,5
27610,1
27611,5
27612,5
27613,3
27614,2
27615,3
27616,4
27617,3
27618,3
27619,3
27620,3
27621,1
27622,1
27623,5
27624,5
27625,2
27626,4
27627,1
27628,5
27629,4
27630,2
27631,3
27632,3
27633,4
27634,1
27635,3
27636,2
27637,5
27638,5
27639,2
27640,4
27641,5
27642,4
27643,5
27644,2
27645,1
27646,2
27647,5
27648,3
27649,3
27650,3
27651,1
27652,5
27653,5
27654,2
27655,2
27656,5
27657,1
27658,3
27659,4
27660,4
27661,4
27662,4
27663,4
27664,1
27665,4
27666,5
27667,1
27668,3
27669,3
27670,4
27671,3
27672,1
27673,4
27674,5
27675,3
27676,5
27677,4
27678,3
27679,5
27680,4
27681,1
27682,1
27683,1
27684,1
27685,4
27686,3
27687,2
27688,2
27689,4
27690,3
27691,4
27692,4
27693,1
27694,3
27695,5
27696,4
27697,5
27698,2
27699,5
27700,1
27701,2
27702,4
27703,4
27704,3
27705,5
27706,1
27707,4
27708,3
27709,3
27710,4
27711,4
27712,4
27713,5
27714,5
27715,3
27716,3
27717,1
27718,2
27719,2
27720,5
27721,4
27722,4
27723,1
27724,5
27725,1
27726,3
27727,5
27728,2
27729,1
27730,2
27731,5
27732,4
27733,2
27734,1
27735,3
27736,3
27737,5
27738,2
27739,1
27740,5
27741,4
27742,1
27743,4
27744,4
27745,2
27746,5
27747,2
27748,3
27749,5
27750,1
27751,4
27752,4
27753,3
27754,1
27755,2
27756,1
27757,3
27758,5
27759,1
27760,5
27761,4
27762,3
27763,2
27764,5
27765,3
27766,4
27767,5
27768,5
27769,5
27770,3
27771,5
27772,4
27773,5
27774,5
27775,2
27776,1
27777,3
27778,2
27779,3
27780,4
27781,2
27782,1
27783,1
27784,1
27785,1
27786,3
27787,3
27788,5
27789,2
27790,4
27791,1
27792,4
27793,3
27794,1
27795,2
27796,5
27797,5
27798,3
27799,2
27800,2
27801,1
27802,4
27803,4
27804,4
27805,4
27806,1
27807,4
27808,2
27809,5
27810,2
27811,1
27812,1
27813,1
27814,3
27815,5
27816,2
27817,5
27818,1
27819,2
27820,2
27821,3
27822,5
27823,5
27824,3
27825,3
27826,3
27827,5
27828,4
27829,3
27830,5
27831,3
27832,4
27833,4
27834,1
27835,5
27836,4
27837,4
27838,2
27839,5
27840,3
27841,4
27842,3
27843,5
27844,2
27845,3
27846,1
27847,5
27848,4
27849,3
27850,4
27851,1
27852,3
27853,5
27854,5
27855,4
27856,1
27857,3
27858,3
27859,2
27860,2
27861,4
27862,2
27863,1
27864,3
27865,3
27866,4
27867,5
27868,1
27869,2
27870,4
27871,2
27872,3
27873,4
27874,1
27875,4
27876,2
27877,3
27878,5
27879,1
27880,3
27881,5
27882,5
27883,5
27884,2
27885,5
27886,3
27887,2
27888,4
27889,3
27890,5
27891,1
27892,5
27893,4
27894,3
27895,2
27896,3
27897,5
27898,4
27899,2
27900,4
27901,3
27902,2
27903,2
27904,1
27905,2
27906,2
27907,4
27908,5
27909,1
27910,4
27911,3
27912,4
27913,4
27914,3
27915,3
27916,4
27917,4
27918,3
27919,5
27920,2
27921,1
27922,5
27923,3
27924,4
27925,2
27926,2
27927,5
27928,4
27929,5
27930,2
27931,2
27932,5
27933,2
27934,4
27935,4
27936,3
27937,5
27938,5
27939,4
27940,5
27941,2
27942,4
27943,2
27944,1
27945,4
27946,2
27947,2
27948,1
27949,4
27950,1
27951,5
27952,1
27953,2
27954,1
27955,5
27956,1
27957,5
27958,5
27959,1
27960,5
27961,5
27962,5
27963,2
27964,5
27965,2
27966,2
27967,5
27968,3
27969,1
27970,1
27971,2
27972,3
27973,4
27974,3
27975,4
27976,4
27977,2
27978,3
27979,2
27980,5
27981,3
27982,2
27983,1
27984,3
27985,1
27986,1
27987,5
27988,4
27989,5
27990,4
27991,4
27992,2
27993,2
27994,3
27995,2
27996,2
27997,1
27998,4
27999,2
28000,1
28001,1
28002,3
28003,2
28004,3
28005,4
28006,1
28007,4
28008,4
28009,1
28010,2
28011,2
28012,5
28013,1
28014,3
28015,5
28016,4
28017,5
28018,1
28019,5
28020,3
28021,5
28022,5
28023,1
28024,2
28025,2
28026,1
28027,1
28028,3
28029,4
28030,1
28031,3
28032,2
28033,2
28034,2
28035,4
28036,5
28037,2
28038,3
28039,2
28040,3
28041,5
28042,4
28043,1
28044,5
28045,2
28046,3
28047,3
28048,3
28049,2
28050,4
28051,4
28052,5
28053,2
28054,2
28055,5
28056,3
28057,4
28058,5
28059,2
28060,5
28061,5
28062,1
28063,5
28064,4
28065,1
28066,1
28067,1
28068,2
28069,4
28070,3
28071,3
28072,3
28073,2
28074,2
28075,3
28076,5
28077,5
28078,5
28079,2
28080,1
28081,4
28082,4
28083,4
28084,3
28085,2
28086,4
28087,4
28088,1
28089,3
28090,5
28091,4
28092,2
28093,2
28094,4
28095,2
28096,4
28097,2
28098,2
28099,5
28100,5
28101,2
28102,4
28103,2
28104,2
28105,5
28106,5
28107,2
28108,5
28109,3
28110,3
28111,1
28112,2
28113,2
28114,1
28115,2
28116,5
28117,2
28118,5
28119,3
28120,3
28121,1
28122,3
28123,1
28124,1
28125,1
28126,2
28127,1
28128,1
28129,3
28130,4
28131,1
28132,5
28133,4
28134,4
28135,3
28136,5
28137,4
28138,4
28139,1
28140,4
28141,4
28142,5
28143,2
28144,3
28145,5
28146,4
28147,5
28148,5
28149,3
28150,1
28151,3
28152,5
28153,4
28154,2
28155,5
28156,5
28157,1
28158,4
28159,4
28160,4
28161,2
28162,3
28163,2
28164,4
28165,1
28166,2
28167,1
28168,4
28169,5
28170,4
28171,5
28172,3
28173,3
28174,2
28175,5
28176,3
28177,3
28178,1
28179,3
28180,1
28181,4
28182,1
28183,5
28184,1
28185,5
28186,3
28187,4
28188,3
28189,4
28190,3
28191,3
28192,5
28193,5
28194,3
28195,3
28196,4
28197,5
28198,5
28199,2
28200,4
28201,2
28202,4
28203,2
28204,2
28205,3
28206,5
28207,2
28208,5
28209,1
28210,4
28211,4
28212,1
28213,5
28214,1
28215,3
28216,1
28217,2
28218,3
28219,5
28220,1
28221,2
28222,5
28223,4
28224,2
28225,4
28226,5
28227,2
28228,5
28229,4
28230,4
28231,2
28232,3
28233,3
28234,3
28235,3
28236,5
28237,2
28238,3
28239,1
28240,4
28241,5
28242,4
28243,3
28244,1
28245,1
28246,1
28247,3
28248,4
28249,5
28250,5
28251,4
28252,1
28253,3
28254,5
28255,2
28256,2
28257,4
28258,2
28259,2
28260,2
28261,1
28262,4
28263,1
28264,5
28265,3
28266,2
28267,4
28268,4
28269,4
28270,4
28271,5
28272,4
28273,3
28274,1
28275,4
28276,5
28277,2
28278,5
28279,1
28280,2
28281,3
28282,4
28283,1
28284,2
28285,3
28286,1
28287,1
28288,1
28289,3
28290,4
28291,2
28292,5
28293,5
28294,3
28295,2
28296,3
28297,4
28298,1
28299,5
28300,5
28301,1
28302,4
28303,5
28304,2
28305,3
28306,3
28307,2
28308,5
28309,1
28310,3
28311,2
28312,1
28313,3
28314,3
28315,5
28316,2
28317,1
28318,3
28319,4
28320,2
28321,4
28322,4
28323,1
28324,3
28325,1
28326,2
28327,5
28328,4
28329,2
28330,3
28331,4
28332,2
28333,1
28334,5
28335,5
28336,5
28337,1
28338,3
28339,5
28340,3
28341,3
28342,1
28343,3
28344,3
28345,4
28346,3
28347,5
28348,2
28349,3
28350,1
28351,2
28352,4
28353,2
28354,4
28355,3
28356,4
28357,5
28358,3
28359,2
28360,4
28361,3
28362,3
28363,3
28364,1
28365,2
28366,5
28367,2
28368,1
28369,5
28370,1
28371,5
28372,3
28373,4
28374,2
28375,5
28376,3
28377,3
28378,3
28379,3
28380,5
28381,4
28382,1
28383,2
28384,2
28385,1
28386,3
28387,1
28388,2
28389,5
28390,2
28391,3
28392,3
28393,1
28394,3
28395,2
28396,3
28397,4
28398,2
28399,3
28400,4
28401,5
28402,1
28403,3
28404,2
28405,5
28406,2
28407,1
28408,5
28409,3
28410,1
28411,5
28412,4
28413,2
28414,2
28415,3
28416,1
28417,1
28418,2
28419,4
28420,4
28421,1
28422,2
28423,1
28424,1
28425,1
28426,1
28427,4
28428,5
28429,1
28430,5
28431,5
28432,5
28433,3
28434,5
28435,5
28436,3
28437,2
28438,4
28439,2
28440,1
28441,2
28442,5
28443,5
28444,2
28445,4
28446,2
28447,2
28448,5
28449,5
28450,1
28451,4
28452,2
28453,3
28454,3
28455,3
28456,5
28457,5
28458,3
28459,4
28460,5
28461,4
28462,2
28463,3
28464,5
28465,5
28466,4
28467,1
28468,3
28469,4
28470,5
28471,5
28472,2
28473,5
28474,4
28475,4
28476,2
28477,4
28478,4
28479,1
28480,3
28481,4
28482,3
28483,5
28484,3
28485,1
28486,2
28487,3
28488,2
28489,3
28490,3
28491,1
28492,4
28493,3
28494,1
28495,1
28496,3
28497,2
28498,2
28499,3
28500,3
28501,3
28502,2
28503,2
28504,1
28505,2
28506,2
28507,3
28508,4
28509,3
28510,1
28511,4
28512,2
28513,1
28514,1
28515,5
28516,2
28517,5
28518,1
28519,3
28520,5
28521,5
28522,4
28523,2
28524,2
28525,2
28526,2
28527,5
28528,4
28529,3
28530,4
28531,5
28532,1
28533,2
28534,4
28535,1
28536,4
28537,1
28538,4
28539,1
28540,5
28541,1
28542,5
28543,4
28544,3
28545,1
28546,1
28547,2
28548,1
28549,4
28550,4
28551,1
28552,4
28553,4
28554,3
28555,3
28556,1
28557,4
28558,2
28559,2
28560,5
28561,4
28562,1
28563,5
28564,2
28565,3
28566,2
28567,4
28568,3
28569,3
28570,5
28571,4
28572,4
28573,1
28574,1
28575,2
28576,2
28577,2
28578,2
28579,3
28580,5
28581,1
28582,3
28583,3
28584,1
28585,1
28586,2
28587,3
28588,3
28589,4
28590,4
28591,1
28592,3
28593,5
28594,5
28595,2
28596,3
28597,1
28598,1
28599,1
28600,3
28601,5
28602,3
28603,4
28604,3
28605,5
28606,1
28607,1
28608,4
28609,3
28610,1
28611,2
28612,1
28613,5
28614,4
28615,1
28616,1
28617,1
28618,1
28619,4
28620,1
28621,5
28622,1
28623,3
28624,1
28625,5
28626,1
28627,2
28628,3
28629,3
28630,3
28631,3
28632,5
28633,5
28634,1
28635,4
28636,5
28637,4
28638,5
28639,3
28640,3
28641,4
28642,3
28643,3
28644,1
28645,3
28646,5
28647,3
28648,2
28649,1
28650,4
28651,4
28652,4
28653,5
28654,1
28655,2
28656,2
28657,1
28658,1
28659,3
28660,4
28661,2
28662,1
28663,1
28664,4
28665,4
28666,3
28667,2
28668,1
28669,1
28670,3
28671,4
28672,2
28673,3
28674,2
28675,3
28676,5
28677,3
28678,1
28679,4
28680,1
28681,1
28682,4
28683,2
28684,3
28685,5
28686,1
28687,4
28688,2
28689,1
28690,3
28691,4
28692,1
28693,4
28694,1
28695,2
28696,5
28697,4
28698,4
28699,5
28700,5
28701,4
28702,5
28703,3
28704,1
28705,3
28706,2
28707,3
28708,3
28709,3
28710,2
28711,4
28712,4
28713,3
28714,1
28715,2
28716,5
28717,1
28718,1
28719,5
28720,2
28721,4
28722,5
28723,1
28724,1
28725,5
28726,1
28727,1
28728,4
28729,5
28730,3
28731,1
28732,1
28733,4
28734,5
28735,1
28736,5
28737,2
28738,4
28739,1
28740,4
28741,2
28742,5
28743,5
28744,1
28745,4
28746,5
28747,1
28748,1
28749,4
28750,1
28751,4
28752,3
28753,4
28754,1
28755,4
28756,2
28757,3
28758,5
28759,1
28760,4
28761,4
28762,4
28763,2
28764,3
28765,2
28766,4
28767,3
28768,2
28769,4
28770,2
28771,5
28772,2
28773,1
28774,4
28775,3
28776,2
28777,4
28778,4
28779,5
28780,5
28781,5
28782,3
28783,3
28784,3
28785,1
28786,5
28787,1
28788,4
28789,5
28790,5
28791,5
28792,2
28793,3
28794,5
28795,4
28796,2
28797,5
28798,5
28799,2
28800,5
28801,2
28802,4
28803,1
28804,5
28805,5
28806,2
28807,4
28808,3
28809,4
28810,5
28811,2
28812,5
28813,4
28814,2
28815,5
28816,5
28817,2
28818,1
28819,4
28820,1
28821,3
28822,3
28823,3
28824,4
28825,3
28826,1
28827,1
28828,4
28829,5
28830,2
28831,5
28832,3
28833,1
28834,2
28835,5
28836,5
28837,2
28838,1
28839,2
28840,2
28841,4
28842,2
28843,5
28844,3
28845,5
28846,2
28847,4
28848,2
28849,2
28850,1
28851,1
28852,3
28853,2
28854,5
28855,2
28856,5
28857,4
28858,1
28859,1
28860,5
28861,5
28862,5
28863,4
28864,4
28865,2
28866,5
28867,4
28868,1
28869,3
28870,1
28871,1
28872,5
28873,4
28874,3
28875,3
28876,2
28877,5
28878,2
28879,2
28880,1
28881,4
28882,5
28883,4
28884,2
28885,5
28886,1
28887,4
28888,3
28889,5
28890,3
28891,2
28892,5
28893,3
28894,2
28895,1
28896,5
28897,3
28898,2
28899,3
28900,4
28901,4
28902,2
28903,4
28904,3
28905,1
28906,2
28907,1
28908,2
28909,4
28910,2
28911,4
28912,1
28913,1
28914,3
28915,3
28916,3
28917,4
28918,2
28919,5
28920,5
28921,2
28922,1
28923,5
28924,5
28925,3
28926,5
28927,4
28928,2
28929,1
28930,4
28931,3
28932,5
28933,5
28934,5
28935,2
28936,1
28937,2
28938,4
28939,4
28940,5
28941,2
28942,4
28943,1
28944,3
28945,5
28946,5
28947,5
28948,1
28949,4
28950,2
28951,2
28952,2
28953,4
28954,3
28955,2
28956,4
28957,2
28958,2
28959,1
28960,4
28961,1
28962,1
28963,3
28964,2
28965,5
28966,3
28967,4
28968,1
28969,3
28970,2
28971,1
28972,5
28973,1
28974,3
28975,2
28976,3
28977,1
28978,3
28979,1
28980,1
28981,1
28982,3
28983,5
28984,5
28985,3
28986,1
28987,4
28988,4
28989,1
28990,3
28991,3
28992,4
28993,1
28994,4
28995,3
28996,4
28997,1
28998,5
28999,3
29000,4
29001,5
29002,4
29003,1
29004,2
29005,4
29006,4
29007,5
29008,1
29009,1
29010,5
29011,2
29012,3
29013,5
29014,1
29015,2
29016,4
29017,2
29018,4
29019,4
29020,1
29021,1
29022,5
29023,4
29024,2
29025,5
29026,1
29027,5
29028,2
29029,3
29030,1
29031,4
29032,1
29033,5
29034,4
29035,1
29036,4
29037,4
29038,5
29039,4
29040,2
29041,3
29042,2
29043,5
29044,5
29045,5
29046,2
29047,1
29048,5
29049,1
29050,3
29051,3
29052,5
29053,2
29054,3
29055,2
29056,2
29057,3
29058,5
29059,2
29060,1
29061,5
29062,4
29063,1
29064,1
29065,2
29066,4
29067,4
29068,3
29069,3
29070,1
29071,2
29072,4
29073,3
29074,3
29075,4
29076,4
29077,3
29078,4
29079,1
29080,1
29081,2
29082,3
29083,1
29084,2
29085,5
29086,2
29087,4
29088,4
29089,3
29090,2
29091,3
29092,4
29093,3
29094,3
29095,5
29096,1
29097,2
29098,2
29099,4
29100,4
29101,4
29102,3
29103,5
29104,4
29105,5
29106,3
29107,5
29108,4
29109,4
29110,4
29111,2
29112,2
29113,3
29114,1
29115,5
29116,3
29117,1
29118,1
29119,2
29120,2
29121,5
29122,4
29123,5
29124,5
29125,2
29126,4
29127,4
29128,4
29129,1
29130,2
29131,1
29132,5
29133,2
29134,2
29135,5
29136,3
29137,5
29138,5
29139,3
29140,2
29141,4
29142,1
29143,1
29144,1
29145,4
29146,2
29147,5
29148,4
29149,1
29150,1
29151,1
29152,3
29153,1
29154,2
29155,5
29156,5
29157,3
29158,3
29159,5
29160,1
29161,5
29162,2
29163,1
29164,3
29165,4
29166,5
29167,1
29168,3
29169,3
29170,3
29171,2
29172,4
29173,3
29174,5
29175,5
29176,5
29177,2
29178,5
29179,1
29180,3
29181,4
29182,2
29183,3
29184,1
29185,3
29186,1
29187,1
29188,5
29189,4
29190,2
29191,3
29192,4
29193,2
29194,3
29195,4
29196,2
29197,4
29198,4
29199,5
29200,3
29201,2
29202,2
29203,3
29204,5
29205,1
29206,3
29207,4
29208,3
29209,1
29210,5
29211,2
29212,5
29213,1
29214,5
29215,3
29216,4
29217,1
29218,4
29219,5
29220,5
29221,1
29222,4
29223,5
29224,1
29225,2
29226,1
29227,2
29228,2
29229,4
29230,5
29231,4
29232,3
29233,2
29235,1
29236,2
29237,1
29238,5
29239,4
29240,2
29241,3
29242,4
29243,1
29244,5
29245,3
29246,2
29247,2
29248,5
29249,3
29250,5
29251,3
29252,5
29253,4
29254,2
29255,2
29256,1
29257,5
29258,1
29259,3
29260,5
29261,3
29262,5
29263,5
29264,1
29265,1
29266,1
29267,5
29268,3
29269,5
29270,1
29271,5
29272,1
29273,4
29274,5
29275,4
29276,5
29277,1
29278,2
29279,1
29280,4
29281,4
29282,4
29283,5
29284,5
29285,5
29286,3
29287,2
29288,5
29289,5
29290,3
29291,3
29292,4
29293,5
29294,4
29295,2
29296,2
29297,1
29298,1
29299,5
29300,1
29301,2
29302,1
29303,3
29304,4
29305,5
29306,5
29307,1
29308,1
29309,1
29310,2
29311,2
29312,1
29313,3
29314,3
29315,4
29316,4
29317,1
29318,2
29319,3
29320,3
29321,3
29322,4
29323,1
29324,4
29325,4
29326,2
29327,2
29328,5
29329,2
29330,1
29331,1
29332,5
29333,5
29334,4
29335,3
29336,2
29337,5
29338,5
29339,5
29340,3
29341,5
29342,3
29343,5
29344,5
29345,3
29346,4
29347,2
29348,1
29349,5
29350,1
29351,5
29352,1
29353,1
29354,2
29355,3
29356,4
29357,2
29358,4
29359,1
29360,5
29361,1
29362,5
29363,4
29364,5
29365,4
29366,2
29367,4
29368,1
29369,4
29370,2
29371,4
29372,1
29373,3
29374,5
29375,2
29376,2
29377,4
29378,4
29379,2
29380,1
29381,3
29382,2
29383,5
29384,4
29385,1
29386,5
29387,2
29388,2
29389,4
29390,5
29391,1
29392,2
29393,1
29394,1
29395,3
29396,3
29397,1
29398,1
29399,5
29400,2
29401,5
29402,4
29403,1
29404,3
29405,1
29406,5
29407,1
29408,4
29409,3
29410,3
29411,4
29412,5
29413,2
29414,5
29415,5
29416,5
29417,2
29418,3
29419,1
29420,1
29421,4
29422,3
29423,1
29424,4
29425,4
29426,5
29427,3
29428,3
29429,4
29430,1
29431,2
29432,5
29433,4
29434,2
29435,2
29436,5
29437,4
29438,3
29439,2
29440,2
29441,5
29442,2
29443,4
29444,3
29445,2
29446,1
29447,1
29448,5
29449,5
29450,5
29451,3
29452,1
29453,4
29454,1
29455,2
29456,2
29457,3
29458,4
29459,4
29460,1
29461,2
29462,4
29463,5
29464,2
29465,2
29466,5
29467,3
29468,5
29469,3
29470,5
29471,4
29472,3
29473,3
29474,3
29475,5
29476,5
29477,5
29478,3
29479,2
29480,1
29481,2
29482,5
29483,2
29484,2
29485,1
29486,2
29487,4
29488,5
29489,2
29490,5
29491,4
29492,3
29493,3
29494,4
29495,4
29496,5
29497,3
29498,3
29499,4
29500,3
29501,5
29502,5
29503,2
29504,4
29505,4
29506,5
29507,3
29508,1
29509,2
29510,4
29511,2
29512,3
29513,4
29514,2
29515,5
29516,3
29517,5
29518,5
29519,5
29520,3
29521,2
29522,3
29523,2
29524,5
29525,2
29526,4
29527,2
29528,4
29529,1
29530,4
29531,4
29532,4
29533,2
29534,2
29535,5
29536,4
29537,5
29538,1
29539,1
29540,1
29541,1
29542,2
29543,1
29544,3
29545,5
29546,3
29547,3
29548,5
29549,5
29550,1
29551,4
29552,5
29553,3
29554,2
29555,4
29556,2
29557,4
29558,4
29559,3
29560,4
29561,5
29562,2
29563,1
29564,3
29565,5
29566,4
29567,2
29568,5
29569,3
29570,2
29571,1
29572,3
29573,3
29574,4
29575,3
29576,2
29577,5
29578,5
29579,3
29580,2
29581,1
29582,5
29583,2
29584,3
29585,2
29586,2
29587,3
29588,1
29589,4
29590,2
29591,3
29592,1
29593,2
29594,5
29595,3
29596,3
29597,1
29598,5
29599,2
29600,1
29601,1
29602,3
29603,5
29604,1
29605,1
29606,1
29607,5
29608,5
29609,4
29610,3
29611,1
29612,1
29613,1
29614,5
29615,3
29616,1
29617,3
29618,4
29619,4
29620,5
29621,1
29622,1
29623,3
29624,2
29625,5
29626,2
29627,5
29628,5
29629,3
29630,2
29631,1
29632,3
29633,5
29634,1
29635,2
29636,5
29637,3
29638,4
29639,1
29640,2
29641,5
29642,1
29643,5
29644,4
29645,3
29646,2
29647,3
29648,5
29649,1
29650,3
29651,3
29652,4
29653,1
29654,3
29655,5
29656,2
29657,3
29658,5
29659,5
29660,3
29661,3
29662,2
29663,2
29664,1
29665,1
29666,3
29667,2
29668,1
29669,4
29670,4
29671,4
29672,5
29673,1
29674,1
29675,5
29676,4
29677,4
29678,5
29679,3
29680,1
29681,1
29682,2
29683,2
29684,5
29685,5
29686,3
29687,3
29688,4
29689,5
29690,3
29691,1
29692,5
29693,1
29694,2
29695,1
29696,4
29697,3
29698,1
29699,3
29700,3
29701,3
29702,4
29703,2
29704,1
29705,1
29706,5
29707,2
29708,2
29709,2
29710,5
29711,4
29712,2
29713,5
29714,3
29715,4
29716,5
29717,2
29718,1
29719,3
29720,1
29721,4
29722,1
29723,4
29724,5
29725,3
29726,3
29727,3
29728,1
29729,1
29730,3
29731,2
29732,1
29733,5
29734,2
29735,4
29736,2
29737,4
29738,5
29739,4
29740,1
29741,5
29742,2
29743,2
29744,2
29745,3
29746,2
29747,3
29748,5
29749,1
29750,4
29751,3
29752,4
29753,4
29754,1
29755,3
29756,2
29757,4
29758,5
29759,2
29760,3
29761,1
29762,1
29763,5
29764,4
29765,5
29766,2
29767,2
29768,2
29769,2
29770,5
29771,2
29772,3
29773,1
29774,2
29775,5
29776,4
29777,2
29778,5
29779,3
29780,2
29781,2
29782,1
29783,2
29784,1
29785,5
29786,1
29787,3
29788,4
29789,2
29790,1
29791,2
29792,1
29793,4
29794,4
29795,5
29796,5
29797,3
29798,4
29799,1
29800,2
29801,1
29802,2
29803,4
29804,5
29805,2
29806,1
29807,3
29808,3
29809,5
29810,4
29811,5
29812,2
29813,3
29814,1
29815,5
29816,4
29817,4
29818,2
29819,5
29820,1
29821,1
29822,3
29823,1
29824,3
29825,3
29826,2
29827,2
29828,2
29829,3
29830,5
29831,4
29832,3
29833,2
29834,1
29835,3
29836,4
29837,3
29838,4
29839,2
29840,2
29841,2
29842,3
29843,5
29844,3
29845,4
29846,3
29847,3
29848,2
29849,4
29850,1
29851,5
29852,2
29853,3
29854,3
29855,5
29856,4
29857,5
29858,3
29859,1
29860,2
29861,4
29862,1
29863,5
29864,1
29865,3
29866,4
29867,2
29868,4
29869,2
29870,2
29871,3
29872,1
29873,2
29874,5
29875,1
29876,4
29877,1
29878,3
29879,5
29880,3
29881,1
29882,3
29883,5
29884,3
29885,2
29886,2
29887,1
29888,4
29889,5
29890,1
29891,3
29892,4
29893,4
29894,4
29895,3
29896,1
29897,4
29898,3
29899,1
29900,4
29901,5
29902,5
29903,1
29904,1
29905,4
29906,2
29907,4
29908,3
29909,2
29910,3
29911,4
29912,5
29913,2
29914,4
29915,4
29916,2
29917,2
29918,2
29919,3
29920,2
29921,3
29922,1
29923,2
29924,1
29925,4
29926,4
29927,2
29928,4
29929,4
29930,3
29931,4
29932,5
29933,3
29934,3
29935,3
29936,2
29937,2
29938,3
29939,1
29940,5
29941,1
29942,2
29943,1
29944,2
29945,2
29946,5
29947,2
29948,5
29949,2
29950,5
29951,4
29952,4
29953,2
29954,2
29955,2
29956,3
29957,4
29958,1
29959,1
29960,2
29961,4
29962,4
29963,5
29964,4
29965,4
29966,3
29967,3
29968,3
29969,1
29970,2
29971,2
29972,3
29973,2
29974,2
29975,1
29976,1
29977,4
29978,1
29979,5
29980,4
29981,3
29982,3
29983,1
29984,3
29985,2
29986,5
29987,5
29988,5
29989,3
29990,4
29991,3
29992,4
29993,3
29994,3
29995,2
29996,5
29997,3
29998,4
29999,3
30000,3
30001,3
30002,5
30003,4
30004,4
30005,2
30006,2
30007,4
30008,3
30009,1
30010,4
30011,5
30012,3
30013,3
30014,5
30015,5
30016,3
30017,1
30018,3
30019,4
30020,2
30021,1
30022,1
30023,5
30024,1
30025,4
30026,2
30027,3
30028,3
30029,5
30030,3
30031,2
30032,2
30033,4
30034,2
30035,4
30036,5
30037,2
30038,4
30039,3
30040,3
30041,1
30042,2
30043,2
30044,1
30045,2
30046,4
30047,2
30048,1
30049,5
30050,5
30051,5
30052,5
30053,5
30054,5
30055,5
30056,3
30057,4
30058,3
30059,2
30060,2
30061,4
30062,5
30063,3
30064,5
30065,2
30066,1
30067,5
30068,4
30069,3
30070,5
30071,2
30072,4
30073,3
30074,2
30075,2
30076,5
30077,3
30078,2
30079,2
30080,3
30081,1
30082,4
30083,4
30084,5
30085,1
30086,3
30087,2
30088,1
30089,3
30090,4
30091,5
30092,5
30093,5
30094,3
30095,4
30096,2
30097,3
30098,2
30099,2
30100,1
30101,4
30102,3
30103,1
30104,4
30105,3
30106,4
30107,5
30108,4
30109,2
30110,4
30111,2
30112,4
30113,4
30114,1
30115,5
30116,3
30117,5
30118,2
30119,1
30120,5
30121,4
30122,5
30123,3
30124,1
30125,3
30126,2
30127,5
30128,4
30129,3
30130,5
30131,1
30132,2
30133,3
30134,1
30135,4
30136,4
30137,2
30138,3
30139,4
30140,3
30141,4
30142,2
30143,1
30144,1
30145,2
30146,2
30147,2
30148,3
30149,4
30150,5
30151,5
30152,5
30153,3
30154,5
30155,2
30156,5
30157,2
30158,5
30159,1
30160,5
30161,3
30162,2
30163,1
30164,1
30165,2
30166,2
30167,5
30168,3
30169,3
30170,3
30171,1
30172,3
30173,4
30174,2
30175,4
30176,2
30177,3
30178,1
30179,5
30180,1
30181,4
30182,4
30183,1
30184,5
30185,3
30186,2
30187,2
30188,4
30189,4
30190,2
30191,5
30192,2
30193,2
30194,3
30195,1
30196,2
30197,5
30198,1
30199,3
30200,2
30201,4
30202,5
30203,4
30204,5
30205,1
30206,1
30207,2
30208,5
30209,3
30210,3
30211,1
30212,3
30213,2
30214,2
30215,5
30216,1
30217,2
30218,3
30219,2
30220,5
30221,3
30222,5
30223,5
30224,2
30225,5
30226,4
30227,4
30228,2
30229,4
30230,3
30231,1
30232,1
30233,3
30234,5
30235,3
30236,3
30237,3
30238,5
30239,2
30240,1
30241,5
30242,5
30243,3
30244,5
30245,1
30246,2
30247,4
30248,3
30249,2
30250,2
30251,4
30252,1
30253,1
30254,2
30255,1
30256,4
30257,2
30258,2
30259,1
30260,1
30261,4
30262,3
30263,2
30264,5
30265,2
30266,1
30267,3
30268,3
30269,3
30270,1
30271,5
30272,5
30273,2
30274,5
30275,3
30276,4
30277,5
30278,5
30279,2
30280,5
30281,3
30282,2
30283,1
30284,5
30285,1
30286,5
30287,1
30288,1
30289,2
30290,2
30291,5
30292,3
30293,3
30294,3
30295,5
30296,5
30297,4
30298,5
30299,2
30300,4
30301,2
30302,1
30303,3
30304,5
30305,5
30306,1
30307,3
30308,3
30309,1
30310,2
30311,1
30312,4
30313,4
30314,2
30315,2
30316,5
30317,2
30318,1
30319,2
30320,1
30321,3
30322,2
30323,3
30324,2
30325,2
30326,2
30327,2
30328,2
30329,2
30330,2
30331,5
30332,3
30333,3
30334,5
30335,5
30336,3
30337,2
30338,4
30339,1
30340,2
30341,1
30342,3
30343,5
30344,2
30345,5
30346,5
30347,1
30348,3
30349,1
30350,5
30351,2
30352,2
30353,5
30354,5
30355,4
30356,3
30357,1
30358,1
30359,1
30360,5
30361,4
30362,2
30363,3
30364,4
30365,2
30366,1
30367,5
30368,4
30369,5
30370,4
30371,3
30372,2
30373,4
30374,3
30375,3
30376,4
30377,1
30378,5
30379,5
30380,1
30381,4
30382,3
30383,2
30384,5
30385,1
30386,3
30387,1
30388,2
30389,1
30390,2
30391,2
30392,4
30393,5
30394,4
30395,4
30396,5
30397,4
30398,1
30399,4
30400,5
30401,2
30402,3
30403,3
30404,1
30405,3
30406,5
30407,2
30408,2
30409,1
30410,3
30411,3
30412,2
30413,1
30414,4
30415,1
30416,5
30417,4
30418,2
30419,1
30420,3
30421,3
30422,4
30423,4
30424,1
30425,3
30426,1
30427,2
30428,3
30429,5
30430,3
30431,5
30432,4
30433,1
30434,3
30435,2
30436,5
30437,2
30438,2
30439,5
30440,2
30441,1
30442,2
30443,1
30444,1
30445,5
30446,3
30447,2
30448,4
30449,1
30450,2
30451,5
30452,5
30453,4
30454,4
30455,2
30456,5
30457,2
30458,1
30459,4
30460,3
30461,2
30462,3
30463,1
30464,3
30465,3
30466,2
30467,1
30468,1
30469,3
30470,5
30471,2
30472,1
30473,5
30474,1
30475,5
30476,5
30477,3
30478,3
30479,3
30480,3
30481,4
30482,3
30483,3
30484,5
30485,4
30486,2
30487,5
30488,2
30489,3
30490,4
30491,3
30492,1
30493,1
30494,5
30495,5
30496,2
30497,2
30498,4
30499,1
30500,4
30501,3
30502,5
30503,2
30504,5
30505,3
30506,1
30507,3
30508,4
30509,3
30510,5
30511,4
30512,2
30513,2
30514,3
30515,4
30516,1
30517,4
30518,5
30519,2
30520,1
30521,1
30522,4
30523,5
30524,2
30525,2
30526,2
30527,4
30528,1
30529,2
30530,2
30531,3
30532,4
30533,5
30534,2
30535,1
30536,2
30537,5
30538,2
30539,5
30540,5
30541,5
30542,4
30543,1
30544,2
30545,3
30546,2
30547,2
30548,5
30549,2
30550,1
30551,4
30552,1
30553,1
30554,5
30555,5
30556,5
30557,4
30558,4
30559,1
30560,5
30561,5
30562,4
30563,4
30564,1
30565,4
30566,5
30567,2
30568,3
30569,3
30570,5
30571,5
30572,5
30573,4
30574,4
30575,5
30576,5
30577,1
30578,4
30579,3
30580,5
30581,3
30582,3
30583,4
30584,5
30585,5
30586,1
30587,3
30588,1
30589,2
30590,2
30591,3
30592,1
30593,2
30594,2
30595,3
30596,5
30597,5
30598,2
30599,3
30600,4
30601,2
30602,4
30603,5
30604,2
30605,5
30606,2
30607,2
30608,1
30609,3
30610,2
30611,2
30612,1
30613,1
30614,3
30615,1
30616,1
30617,3
30618,4
30619,1
30620,4
30621,3
30622,1
30623,2
30624,3
30625,4
30626,1
30627,1
30628,5
30629,1
30630,4
30631,1
30632,2
30633,3
30634,1
30635,5
30636,5
30637,1
30638,1
30639,4
30640,5
30641,5
30642,5
30643,2
30644,1
30645,4
30646,3
30647,1
30648,5
30649,1
30650,5
30651,4
30652,4
30653,3
30654,3
30655,1
30656,3
30657,1
30658,4
30659,1
30660,4
30661,3
30662,3
30663,1
30664,4
30665,3
30666,4
30667,2
30668,2
30669,2
30670,3
30671,1
30672,3
30673,2
30674,2
30675,1
30676,2
30677,2
30678,2
30679,5
30680,4
30681,4
30682,5
30683,2
30684,4
30685,3
30686,2
30687,1
30688,5
30689,5
30690,1
30691,4
30692,4
30693,4
30694,2
30695,4
30696,4
30697,5
30698,3
30699,2
30700,2
30701,1
30702,3
30703,2
30704,5
30705,1
30706,3
30707,5
30708,4
30709,1
30710,5
30711,2
30712,5
30713,5
30714,2
30715,3
30716,4
30717,2
30718,1
30719,3
30720,5
30721,5
30722,1
30723,4
30724,3
30725,1
30726,3
30727,1
30728,4
30729,2
30730,1
30731,4
30732,5
30733,3
30734,3
30735,2
30736,2
30737,4
30738,3
30739,3
30740,5
30741,2
30742,1
30743,1
30744,5
30745,4
30746,4
30747,3
30748,3
30749,3
30750,5
30751,2
30752,2
30753,3
30754,2
30755,5
30756,5
30757,1
30758,5
30759,4
30760,5
30761,2
30762,3
30763,2
30764,1
30765,3
30766,1
30767,3
30768,4
30769,2
30770,5
30771,3
30772,4
30773,5
30774,4
30775,5
30776,4
30777,4
30778,2
30779,5
30780,2
30781,2
30782,1
30783,2
30784,3
30785,5
30786,1
30787,5
30788,2
30789,4
30790,5
30791,3
30792,2
30793,5
30794,4
30795,1
30796,1
30797,3
30798,2
30799,1
30800,2
30801,4
30802,1
30803,4
30804,4
30805,4
30806,4
30807,3
30808,5
30809,2
30810,5
30811,4
30812,1
30813,3
30814,1
30815,4
30816,1
30817,3
30818,2
30819,5
30820,2
30821,1
30822,1
30823,2
30824,3
30825,5
30826,2
30827,3
30828,1
30829,5
30830,2
30831,2
30832,5
30833,2
30834,4
30835,5
30836,5
30837,3
30838,4
30839,5
30840,2
30841,2
30842,5
30843,1
30844,3
30845,4
30846,2
30847,4
30848,5
30849,1
30850,3
30851,5
30852,4
30853,5
30854,2
30855,3
30856,5
30857,3
30858,1
30859,4
30860,5
30861,5
30862,1
30863,4
30864,2
30865,1
30866,3
30867,1
30868,3
30869,1
30870,1
30871,3
30872,5
30873,2
30874,5
30875,4
30876,1
30877,2
30878,4
30879,1
30880,3
30881,5
30882,2
30883,1
30884,1
30885,3
30886,5
30887,4
30888,2
30889,3
30890,4
30891,5
30892,3
30893,4
30894,1
30895,3
30896,1
30897,3
30898,4
30899,3
30900,3
30901,1
30902,3
30903,2
30904,5
30905,5
30906,3
30907,4
30908,5
30909,1
30910,5
30911,5
30912,5
30913,1
30914,2
30915,5
30916,2
30917,1
30918,2
30919,3
30920,2
30921,4
30922,4
30923,5
30924,4
30925,3
30926,1
30927,5
30928,2
30929,5
30930,4
30931,4
30932,2
30933,4
30934,5
30935,5
30936,5
30937,1
30938,5
30939,5
30940,3
30941,2
30942,1
30943,4
30944,5
30945,4
30946,2
30947,3
30948,2
30949,3
30950,4
30951,2
30952,3
30953,3
30954,4
30955,5
30956,3
30957,3
30958,2
30959,5
30960,1
30961,5
30962,4
30963,3
30964,2
30965,4
30966,2
30967,5
30968,5
30969,2
30970,1
30971,2
30972,3
30973,3
30974,1
30975,3
30976,1
30977,2
30978,5
30979,2
30980,4
30981,1
30982,1
30983,5
30984,1
30985,2
30986,4
30987,4
30988,4
30989,2
30990,2
30991,2
30992,2
30993,5
30994,3
30995,5
30996,2
30997,4
30998,1
30999,4
31000,4
31001,2
31002,5
31003,5
31004,1
31005,2
31006,3
31007,3
31008,1
31009,1
31010,5
31011,1
31012,1
31013,5
31014,2
31015,2
31016,2
31017,4
31018,3
31019,5
31020,3
31021,2
31022,5
31023,3
31024,3
31025,3
31026,1
31027,1
31028,5
31029,5
31030,1
31031,1
31032,1
31033,2
31034,4
31035,2
31036,4
31037,3
31038,4
31039,4
31040,3
31041,4
31042,5
31043,5
31044,1
31045,5
31046,5
31047,5
31048,1
31049,3
31050,3
31051,2
31052,2
31053,3
31054,3
31055,2
31056,3
31057,3
31058,4
31059,5
31060,4
31061,2
31062,1
31063,3
31064,1
31065,3
31066,2
31067,4
31068,4
31069,1
31070,1
31071,5
31072,1
31073,1
31074,5
31075,1
31076,1
31077,2
31078,4
31079,5
31080,2
31081,2
31082,5
31083,5
31084,4
31085,2
31086,2
31087,2
31088,5
31089,1
31090,5
31091,1
31092,4
31093,1
31094,1
31095,2
31096,4
31097,3
31098,4
31099,2
31100,5
31101,1
31102,4
31103,2
31104,5
31105,3
31106,3
31107,5
31108,2
31109,1
31110,2
31111,4
